Workbook

Sheet Instructions

Sheet Tray Configuration
B2: Operator Name | D2: AMG + DMP | J2: Run Start Time
B3: Sampling Loaction | D3: Konza, Talladega, Weyerhaeuser, Paint Rock | J3: 44655.642
B4: Sampling Date | D4: Summer 2021, fall-spring 2022
B5: Project | D5: AIMS
B6: Notes | D6: changed injection port septa prior to run
B12: TRAY
A14: 99
A15: 92 | I15: 14
A16: 85 | B16: PRA01 20220314 | C16: PRM19 20220314 | D16: WAIS_02M09_1_RAW_NODATE | I16: 13
A17: 78 | B17: PRM01 20220112 | C17: PRM01 20220314 | D17: PRM06 20220314 | E17: PRB01 20220314 | F17: PRM11 20220314 | G17: PRM15 20220314 | H17: Ouachita | I17: 12
A18: 71 | B18: WHM10 20220322 | C18: WHM12 20220322 | D18: PRM01 20211013 | E18: PRM01 20211103 | F18: PRM01 20211122 | G18: PRM01 20211215 | H18: Ouachita | I18: 11
A19: 64 | B19: WHA02 20220322 | C19: WHM03 20220322 | D19: WHM07 20220322 | E19: Ouachita | F19: Sipsey | G19: Iceland | H19: Ouachita | I19: 10
A20: 57 | B20: WHM01 20211104 | C20: WHM01 20211129 | D20: WHM01 20211220 | E20: WHM01 20220106 | F20: WHM01 20220322 | G20: WHB01 20220322 | H20: Ouachita | I20: 9
A21: 50 | B21: TLM10 20220330 | C21: TLA01 20220330 | D21: TLM16 20220330 | E21: TLM19 20220330 | F21: TAL Precip 20220330 | G21: WHM01 20211014 | H21: Ouachita | I21: 8
A22: 43 | B22: TLA01 20220124 | C22: TLM16 20220124 | D22: TLM19 20220124 | E22: TLM01 20220330 | F22: TLC01 20220330 | G22: TLM06 20220330 | H22: Ouachita | I22: 7
A23: 36 | B23: TLM01 20220131 | C23: TLP01 20220124 | D23: TLM01 20220124 | E23: TLC01 20220124 | F23: TLM10 20220124 | G23: TLM06 20220124 | H23: Ouachita | I23: 6
A24: 29 | B24: TLM01 20211026 | C24: TLM01 20211110 | D24: TLM01 20220105 | E24: Ouachita | F24: Sipsey | G24: Iceland | H24: Ouachita | I24: 5
A25: 22 | B25: 3_5_MOR_N4D_DUP_20220113 | C25: WAIS_ENM03_1_RAW_20210811 | D25: WAIS_ENM01_1_RAW_20210916 | E25: WAIS_SFM01_1_RAW_20210903 | F25: WAIS_ENM03_1_RAW_20211015 | G25: TLM01 20211007 | H25: Ouachita | I25: 4
A26: 15 | B26: WAIS_N2BSeepB_RAW_20220211 | C26: WAIS_33Eis_1_Filt_20220113 | D26: WAIS_ENM01_1_RAW_20211123 | E26: WAIS_ENM03_1_RAW_20210827 | F26: 4_6_MOR_DUP_N4D_20220113 | G26: 4_6_Eis2_DUP_20220113 | H26: Ouachita | I26: 3
A27: 8 | B27: WAIS_02M07_2_RAW_20210809 | C27: WAIS_SFM01_1_RAW_20211214 | D27: WAIS_N01B_1_RAW_20210903 | E27: WAIS_N4DWSeep1_RAW_20220211 | F27: WAIS_N4DWSeep2_RAW_20220211 | G27: WAIS_N4DSeep4_RAW_20220211 | H27: Ouachita | I27: 2
A28: 1 | B28: Ouachita | C28: Sipsey | D28: Iceland | E28: Sipsey | F28: Ouachita | G28: WAIS_01M01_2_RAW_20210809 | H28: WAIS_02M06_2_RAW_20210809
B29: 1 | C29: 2 | D29: 3 | E29: 4 | F29: 5 | G29: 6 | H29: 7
B32: Standards
C33: Standard ID | D33: Actual d(18_16) | E33: Actual d(D_H)
B34: #1 | C34: Iceland | D34: -8 | E34: -52.8
B35: #2 | C35: Ouachita | D35: -5.5 | E35: -29.6
B36: #3 | C36: Sipsey | D36: -4.5 | E36: -22.4
B37: #4 | C37: Ivishak | D37: -22 | E37: -168.7
B38: #5
B39: #6
B40: #7
B41: #8
B42: #9
B43: #10
B44: #11
B45: #12

Sheet Timing
A1: Enter start time and date --> | C1: 44655.635
A2: Tray Position | B2: Sample ID | C2: Start Time | D2: # Injections
A3: 1 | B3: ='Tray Configuration'!B28 -> Ouachita | C3: =C1 -> 44655.635 | D3: 15
A4: 2 | B4: ='Tray Configuration'!C28 -> Sipsey | C4: =C3+"0:08:57"*D3 -> 44655.729 | D4: 15
A5: 3 | B5: ='Tray Configuration'!D28 -> Iceland | C5: =C4+"0:08:57"*D4 -> 44655.822 | D5: 15
A6: 4 | B6: ='Tray Configuration'!E28 -> Sipsey | C6: =C5+"0:08:57"*D5 -> 44655.915 | D6: 15
A7: 5 | B7: ='Tray Configuration'!F28 -> Ouachita | C7: =C6+"0:08:57"*D6 -> 44656.008 | D7: 15
A8: 6 | B8: ='Tray Configuration'!G28 -> WAIS_01M01_2_RAW_20210809 | C8: =C7+"0:08:57"*D7 -> 44656.102 | D8: 6
A9: 7 | B9: ='Tray Configuration'!H28 -> WAIS_02M06_2_RAW_20210809 | C9: =C8+"0:08:57"*D8 -> 44656.139 | D9: 6
A10: 8 | B10: ='Tray Configuration'!B27 -> WAIS_02M07_2_RAW_20210809 | C10: =C9+"0:08:57"*D9 -> 44656.176 | D10: 6
A11: 9 | B11: ='Tray Configuration'!C27 -> WAIS_SFM01_1_RAW_20211214 | C11: =C10+"0:08:57"*D10 -> 44656.213 | D11: 6
A12: 10 | B12: ='Tray Configuration'!D27 -> WAIS_N01B_1_RAW_20210903 | C12: =C11+"0:08:57"*D11 -> 44656.251 | D12: 6
A13: 11 | B13: ='Tray Configuration'!E27 -> WAIS_N4DWSeep1_RAW_20220211 | C13: =C12+"0:08:57"*D12 -> 44656.288 | D13: 6
A14: 12 | B14: ='Tray Configuration'!F27 -> WAIS_N4DWSeep2_RAW_20220211 | C14: =C13+"0:08:57"*D13 -> 44656.325 | D14: 6
A15: 13 | B15: ='Tray Configuration'!G27 -> WAIS_N4DSeep4_RAW_20220211 | C15: =C14+"0:08:57"*D14 -> 44656.363 | D15: 6
A16: 14 | B16: ='Tray Configuration'!H27 -> Ouachita | C16: =C15+"0:08:57"*D15 -> 44656.4 | D16: 6
A17: 15 | B17: ='Tray Configuration'!B26 -> WAIS_N2BSeepB_RAW_20220211 | C17: =C16+"0:08:57"*D16 -> 44656.437 | D17: 6
A18: 16 | B18: ='Tray Configuration'!C26 -> WAIS_33Eis_1_Filt_20220113 | C18: =C17+"0:08:57"*D17 -> 44656.474 | D18: 6
A19: 17 | B19: ='Tray Configuration'!D26 -> WAIS_ENM01_1_RAW_20211123 | C19: =C18+"0:08:57"*D18 -> 44656.512 | D19: 6
A20: 18 | B20: ='Tray Configuration'!E26 -> WAIS_ENM03_1_RAW_20210827 | C20: =C19+"0:08:57"*D19 -> 44656.549 | D20: 6
A21: 19 | B21: ='Tray Configuration'!F26 -> 4_6_MOR_DUP_N4D_20220113 | C21: =C20+"0:08:57"*D20 -> 44656.586 | D21: 6
A22: 20 | B22: ='Tray Configuration'!G26 -> 4_6_Eis2_DUP_20220113 | C22: =C21+"0:08:57"*D21 -> 44656.624 | D22: 6
A23: 21 | B23: ='Tray Configuration'!H26 -> Ouachita | C23: =C22+"0:08:57"*D22 -> 44656.661 | D23: 6
A24: 22 | B24: ='Tray Configuration'!B25 -> 3_5_MOR_N4D_DUP_20220113 | C24: =C23+"0:08:57"*D23 -> 44656.698 | D24: 6
A25: 23 | B25: ='Tray Configuration'!C25 -> WAIS_ENM03_1_RAW_20210811 | C25: =C24+"0:08:57"*D24 -> 44656.736 | D25: 6
A26: 24 | B26: ='Tray Configuration'!D25 -> WAIS_ENM01_1_RAW_20210916 | C26: =C25+"0:08:57"*D25 -> 44656.773 | D26: 6
A27: 25 | B27: ='Tray Configuration'!E26 -> WAIS_ENM03_1_RAW_20210827 | C27: =C26+"0:08:57"*D26 -> 44656.81 | D27: 6
A28: 26 | B28: ='Tray Configuration'!F25 -> WAIS_ENM03_1_RAW_20211015 | C28: =C27+"0:08:57"*D27 -> 44656.847 | D28: 6
A29: 27 | B29: ='Tray Configuration'!G25 -> TLM01 20211007 | C29: =C28+"0:08:57"*D28 -> 44656.885 | D29: 6
A30: 28 | B30: ='Tray Configuration'!H25 -> Ouachita | C30: =C29+"0:08:57"*D29 -> 44656.922 | D30: 6
A31: 29 | B31: ='Tray Configuration'!B24 -> TLM01 20211026 | C31: =C30+"0:08:57"*D30 -> 44656.959 | D31: 6
A32: 30 | B32: ='Tray Configuration'!C24 -> TLM01 20211110 | C32: =C31+"0:08:57"*D31 -> 44656.997 | D32: 6
A33: 31 | B33: ='Tray Configuration'!D24 -> TLM01 20220105 | C33: =C32+"0:08:57"*D32 -> 44657.034 | D33: 6
A34: 32 | B34: ='Tray Configuration'!E24 -> Ouachita | C34: =C33+"0:08:57"*D33 -> 44657.071 | D34: 15
A35: 33 | B35: ='Tray Configuration'!F24 -> Sipsey | C35: =C34+"0:08:57"*D34 -> 44657.164 | D35: 15
A36: 34 | B36: ='Tray Configuration'!G24 -> Iceland | C36: =C35+"0:08:57"*D35 -> 44657.258 | D36: 15
A37: 35 | B37: ='Tray Configuration'!H24 -> Ouachita | C37: =C36+"0:08:57"*D36 -> 44657.351 | D37: 15
A38: 36 | B38: ='Tray Configuration'!B23 -> TLM01 20220131 | C38: =C37+"0:08:57"*D37 -> 44657.444 | D38: 6
A39: 37 | B39: ='Tray Configuration'!C23 -> TLP01 20220124 | C39: =C38+"0:08:57"*D38 -> 44657.481 | D39: 6
A40: 38 | B40: ='Tray Configuration'!D23 -> TLM01 20220124 | C40: =C39+"0:08:57"*D39 -> 44657.519 | D40: 6
A41: 39 | B41: ='Tray Configuration'!E23 -> TLC01 20220124 | C41: =C40+"0:08:57"*D40 -> 44657.556 | D41: 6
A42: 40 | B42: ='Tray Configuration'!F23 -> TLM10 20220124 | C42: =C41+"0:08:57"*D41 -> 44657.593 | D42: 6
A43: 41 | B43: ='Tray Configuration'!G23 -> TLM06 20220124 | C43: =C42+"0:08:57"*D42 -> 44657.631 | D43: 6
A44: 42 | B44: ='Tray Configuration'!H23 -> Ouachita | C44: =C43+"0:08:57"*D43 -> 44657.668 | D44: 6
A45: 43 | B45: ='Tray Configuration'!B22 -> TLA01 20220124 | C45: =C44+"0:08:57"*D44 -> 44657.705 | D45: 6
A46: 44 | B46: ='Tray Configuration'!C22 -> TLM16 20220124 | C46: =C45+"0:08:57"*D45 -> 44657.742 | D46: 6
A47: 45 | B47: ='Tray Configuration'!D22 -> TLM19 20220124 | C47: =C46+"0:08:57"*D46 -> 44657.78 | D47: 6
A48: 46 | B48: ='Tray Configuration'!E22 -> TLM01 20220330 | C48: =C47+"0:08:57"*D47 -> 44657.817 | D48: 6
A49: 47 | B49: ='Tray Configuration'!F22 -> TLC01 20220330 | C49: =C48+"0:08:57"*D48 -> 44657.854 | D49: 6
A50: 48 | B50: ='Tray Configuration'!G22 -> TLM06 20220330 | C50: =C49+"0:08:57"*D49 -> 44657.892 | D50: 6
A51: 49 | B51: ='Tray Configuration'!H22 -> Ouachita | C51: =C50+"0:08:57"*D50 -> 44657.929 | D51: 6
A52: 50 | B52: ='Tray Configuration'!B21 -> TLM10 20220330 | C52: =C51+"0:08:57"*D51 -> 44657.966 | D52: 6
A53: 51 | B53: ='Tray Configuration'!C21 -> TLA01 20220330 | C53: =C52+"0:08:57"*D52 -> 44658.003 | D53: 6
A54: 52 | B54: ='Tray Configuration'!D21 -> TLM16 20220330 | C54: =C53+"0:08:57"*D53 -> 44658.041 | D54: 6
A55: 53 | B55: ='Tray Configuration'!E21 -> TLM19 20220330 | C55: =C54+"0:08:57"*D54 -> 44658.078 | D55: 6
A56: 54 | B56: ='Tray Configuration'!F21 -> TAL Precip 20220330 | C56: =C55+"0:08:57"*D55 -> 44658.115 | D56: 6
A57: 55 | B57: ='Tray Configuration'!G21 -> WHM01 20211014 | C57: =C56+"0:08:57"*D56 -> 44658.153 | D57: 6
A58: 56 | B58: ='Tray Configuration'!H21 -> Ouachita | C58: =C57+"0:08:57"*D57 -> 44658.19 | D58: 6
A59: 57 | B59: ='Tray Configuration'!B20 -> WHM01 20211104 | C59: =C58+"0:08:57"*D58 -> 44658.227 | D59: 6
A60: 58 | B60: ='Tray Configuration'!C20 -> WHM01 20211129 | C60: =C59+"0:08:57"*D59 -> 44658.264 | D60: 6
A61: 59 | B61: ='Tray Configuration'!D20 -> WHM01 20211220 | C61: =C60+"0:08:57"*D60 -> 44658.302 | D61: 6
A62: 60 | B62: ='Tray Configuration'!E20 -> WHM01 20220106 | C62: =C61+"0:08:57"*D61 -> 44658.339 | D62: 6
A63: 61 | B63: ='Tray Configuration'!F20 -> WHM01 20220322 | C63: =C62+"0:08:57"*D62 -> 44658.376 | D63: 6
A64: 62 | B64: ='Tray Configuration'!G20 -> WHB01 20220322 | C64: =C63+"0:08:57"*D63 -> 44658.414 | D64: 6
A65: 63 | B65: ='Tray Configuration'!H20 -> Ouachita | C65: =C64+"0:08:57"*D64 -> 44658.451 | D65: 6
A66: 64 | B66: ='Tray Configuration'!B19 -> WHA02 20220322 | C66: =C65+"0:08:57"*D65 -> 44658.488 | D66: 6
A67: 65 | B67: ='Tray Configuration'!C19 -> WHM03 20220322 | C67: =C66+"0:08:57"*D66 -> 44658.526 | D67: 6
A68: 66 | B68: ='Tray Configuration'!D19 -> WHM07 20220322 | C68: =C67+"0:08:57"*D67 -> 44658.563 | D68: 6
A69: 67 | B69: ='Tray Configuration'!E19 -> Ouachita | C69: =C68+"0:08:57"*D68 -> 44658.6 | D69: 15
A70: 68 | B70: ='Tray Configuration'!F19 -> Sipsey | C70: =C69+"0:08:57"*D69 -> 44658.693 | D70: 15
A71: 69 | B71: ='Tray Configuration'!G19 -> Iceland | C71: =C70+"0:08:57"*D70 -> 44658.787 | D71: 15
A72: 70 | B72: ='Tray Configuration'!H19 -> Ouachita | C72: =C71+"0:08:57"*D71 -> 44658.88 | D72: 15
A73: 71 | B73: ='Tray Configuration'!B18 -> WHM10 20220322 | C73: =C72+"0:08:57"*D72 -> 44658.973 | D73: 6
A74: 72 | B74: ='Tray Configuration'!C18 -> WHM12 20220322 | C74: =C73+"0:08:57"*D73 -> 44659.01 | D74: 6
A75: 73 | B75: ='Tray Configuration'!D18 -> PRM01 20211013 | C75: =C74+"0:08:57"*D74 -> 44659.048 | D75: 6
A76: 74 | B76: ='Tray Configuration'!E18 -> PRM01 20211103 | C76: =C75+"0:08:57"*D75 -> 44659.085 | D76: 6
A77: 75 | B77: ='Tray Configuration'!F18 -> PRM01 20211122 | C77: =C76+"0:08:57"*D76 -> 44659.122 | D77: 6
A78: 76 | B78: ='Tray Configuration'!G18 -> PRM01 20211215 | C78: =C77+"0:08:57"*D77 -> 44659.159 | D78: 6
A79: 77 | B79: ='Tray Configuration'!H18 -> Ouachita | C79: =C78+"0:08:57"*D78 -> 44659.197 | D79: 6
A80: 78 | B80: ='Tray Configuration'!B17 -> PRM01 20220112 | C80: =C79+"0:08:57"*D79 -> 44659.234 | D80: 6
A81: 79 | B81: ='Tray Configuration'!C17 -> PRM01 20220314 | C81: =C80+"0:08:57"*D80 -> 44659.271 | D81: 6
A82: 80 | B82: ='Tray Configuration'!D17 -> PRM06 20220314 | C82: =C81+"0:08:57"*D81 -> 44659.309 | D82: 6
A83: 81 | B83: ='Tray Configuration'!E17 -> PRB01 20220314 | C83: =C82+"0:08:57"*D82 -> 44659.346 | D83: 6
A84: 82 | B84: ='Tray Configuration'!F17 -> PRM11 20220314 | C84: =C83+"0:08:57"*D83 -> 44659.383 | D84: 6
A85: 83 | B85: ='Tray Configuration'!G17 -> PRM15 20220314 | C85: =C84+"0:08:57"*D84 -> 44659.421 | D85: 6
A86: 84 | B86: ='Tray Configuration'!H17 -> Ouachita | C86: =C85+"0:08:57"*D85 -> 44659.458 | D86: 6
A87: 85 | B87: ='Tray Configuration'!B16 -> PRA01 20220314 | C87: =C86+"0:08:57"*D86 -> 44659.495 | D87: 6
A88: 86 | B88: ='Tray Configuration'!C16 -> PRM19 20220314 | C88: =C87+"0:08:57"*D87 -> 44659.532 | D88: 6
A89: 87 | B89: ='Tray Configuration'!D16 -> WAIS_02M09_1_RAW_NODATE | C89: =C88+"0:08:57"*D88 -> 44659.57 | D89: 6
A90: 88 | B90: ='Tray Configuration'!E16 -> 0 | C90: =C89+"0:08:57"*D89 -> 44659.607 | D90: 0
A91: 89 | B91: ='Tray Configuration'!F16 -> 0 | C91: =C90+"0:08:57"*D90 -> 44659.607 | D91: 0
A92: 90 | B92: ='Tray Configuration'!G16 -> 0 | C92: =C91+"0:08:57"*D91 -> 44659.607 | D92: 0
A93: 91 | B93: ='Tray Configuration'!H16 -> 0 | C93: =C92+"0:08:57"*D92 -> 44659.607 | D93: 0
A94: 92 | B94: ='Tray Configuration'!B15 -> 0 | C94: =C93+"0:08:57"*D93 -> 44659.607 | D94: 0
A95: 93 | B95: ='Tray Configuration'!C15 -> 0 | C95: =C94+"0:08:57"*D94 -> 44659.607 | D95: 0
A96: 94 | B96: ='Tray Configuration'!D15 -> 0 | C96: =C95+"0:08:57"*D95 -> 44659.607 | D96: 0
A97: 95 | B97: ='Tray Configuration'!E15 -> 0 | C97: =C96+"0:08:57"*D96 -> 44659.607 | D97: 0
A98: 96 | B98: ='Tray Configuration'!F15 -> 0 | C98: =C97+"0:08:57"*D97 -> 44659.607 | D98: 0
A99: 97 | B99: ='Tray Configuration'!G15 -> 0 | C99: =C98+"0:08:57"*D98 -> 44659.607 | D99: 0
A100: 98 | B100: ='Tray Configuration'!H15 -> 0 | C100: =C99+"0:08:57"*D99 -> 44659.607 | D100: 0
...

Sheet Picarro Output
A1: Line | B1: Analysis | C1: Time Code | D1: Port | E1: Inj Nr | F1: d(18_16)Mean | G1: d(D_H)Mean | H1: H2O_Mean | I1: Ignore | J1: Good | K1: Identifier 1 | L1: Identifier 2 | M1: Gas Configuration | N1: Timestamp Mean | O1: d(18_16)_SD | P1: d(D_H)_SD | Q1: H2O_SD | R1: d(18_16)_Sl | S1: d(D_H)_Sl | T1: H2O_Sl | U1: baseline_shift | V1: slope_shift | W1: residuals | X1: baseline_curvature | Y1: interval | Z1: ch4_ppm | AA1: h16od_adjust | AB1: h16od_shift | AC1: n2_flag | AD1: DAS Temp | AE1: Tray | AF1: Sample | AG1: Job | AH1: Method | AI1: Error Code
A2: 1 | B2: P-1058 | C2: 2022/04/04 15:25:20 | D2: 1-01 | E2: 1 | F2: -6.009 | G2: -36.838 | H2: 16744 | I2: -1 | J2: 1 | M2: H2O | N2: 1.6491042e+09 | O2: 0.201 | P2: 0.419 | Q2: 60.643 | R2: 0 | S2: -0.005 | T2: 1.459 | U2: 98.876 | V2: 21.047 | W2: 2.424 | X2: 92.625 | Y2: 1.038 | Z2: 0.431 | AA2: 0 | AB2: 0 | AC2: 1 | AD2: 39.938 | AE2: 1 | AF2: 1 | AG2: 1 | AH2: Ecohydro | AI2: 0
A3: 2 | B3: P-1058 | C3: 2022/04/04 15:34:18 | D3: 1-01 | E3: 2 | F3: -5.674 | G3: -32.225 | H3: 16948 | I3: -1 | J3: 1 | M3: H2O | N3: 1.6491048e+09 | O3: 0.197 | P3: 0.459 | Q3: 58.254 | R3: 0 | S3: -0.005 | T3: 1.39 | U3: 100.186 | V3: 20.969 | W3: 2.386 | X3: 93.209 | Y3: 1.048 | Z3: 0.233 | AA3: 0 | AB3: 0 | AC3: 1 | AD3: 39.938 | AE3: 1 | AF3: 1 | AG3: 1 | AH3: Ecohydro | AI3: 0
A4: 3 | B4: P-1058 | C4: 2022/04/04 15:43:15 | D4: 1-01 | E4: 3 | F4: -5.615 | G4: -31.273 | H4: 17158 | I4: -1 | J4: 1 | M4: H2O | N4: 1.6491053e+09 | O4: 0.202 | P4: 0.416 | Q4: 57.277 | R4: 0 | S4: -0.004 | T4: 1.366 | U4: 101.806 | V4: 20.615 | W4: 2.405 | X4: 94.274 | Y4: 1.042 | Z4: 0.148 | AA4: 0 | AB4: 0 | AC4: 1 | AD4: 39.938 | AE4: 1 | AF4: 1 | AG4: 1 | AH4: Ecohydro | AI4: 0
A5: 4 | B5: P-1058 | C5: 2022/04/04 15:52:13 | D5: 1-01 | E5: 4 | F5: -5.64 | G5: -30.836 | H5: 17118 | I5: 0 | J5: 1 | M5: H2O | N5: 1.6491058e+09 | O5: 0.186 | P5: 0.401 | Q5: 57.819 | R5: 0.001 | S5: -0.003 | T5: 1.391 | U5: 101.484 | V5: 20.791 | W5: 2.365 | X5: 93.397 | Y5: 1.02 | Z5: 0.177 | AA5: 0 | AB5: 0 | AC5: 1 | AD5: 39.938 | AE5: 1 | AF5: 1 | AG5: 1 | AH5: Ecohydro | AI5: 0
A6: 5 | B6: P-1058 | C6: 2022/04/04 16:01:11 | D6: 1-01 | E6: 5 | F6: -5.636 | G6: -30.678 | H6: 17115 | I6: 0 | J6: 1 | M6: H2O | N6: 1.6491064e+09 | O6: 0.203 | P6: 0.352 | Q6: 60.052 | R6: 0 | S6: -0.003 | T6: 1.42 | U6: 101.168 | V6: 20.759 | W6: 2.449 | X6: 95.07 | Y6: 1.06 | Z6: 0.422 | AA6: 0 | AB6: 0 | AC6: 1 | AD6: 39.938 | AE6: 1 | AF6: 1 | AG6: 1 | AH6: Ecohydro | AI6: 0
A7: 6 | B7: P-1058 | C7: 2022/04/04 16:10:08 | D7: 1-01 | E7: 6 | F7: -5.555 | G7: -30.37 | H7: 17092 | I7: 0 | J7: 1 | M7: H2O | N7: 1.6491069e+09 | O7: 0.189 | P7: 0.37 | Q7: 57.527 | R7: 0.001 | S7: -0.003 | T7: 1.385 | U7: 101.286 | V7: 20.881 | W7: 2.342 | X7: 93.169 | Y7: 1.032 | Z7: 0.087 | AA7: 0 | AB7: 0 | AC7: 1 | AD7: 40 | AE7: 1 | AF7: 1 | AG7: 1 | AH7: Ecohydro | AI7: 0
A8: 7 | B8: P-1058 | C8: 2022/04/04 16:19:06 | D8: 1-01 | E8: 7 | F8: -5.563 | G8: -30.376 | H8: 17065 | I8: 0 | J8: 1 | M8: H2O | N8: 1.6491075e+09 | O8: 0.214 | P8: 0.395 | Q8: 59.29 | R8: 0 | S8: -0.003 | T8: 1.421 | U8: 100.854 | V8: 20.992 | W8: 2.371 | X8: 93.759 | Y8: 1.033 | Z8: 0.29 | AA8: 0 | AB8: 0 | AC8: 1 | AD8: 40 | AE8: 1 | AF8: 1 | AG8: 1 | AH8: Ecohydro | AI8: 0
A9: 8 | B9: P-1058 | C9: 2022/04/04 16:28:04 | D9: 1-01 | E9: 8 | F9: -5.52 | G9: -30.179 | H9: 17125 | I9: 0 | J9: 1 | M9: H2O | N9: 1.649108e+09 | O9: 0.204 | P9: 0.449 | Q9: 59.444 | R9: 0.001 | S9: -0.001 | T9: 1.433 | U9: 101.694 | V9: 20.029 | W9: 2.406 | X9: 94.684 | Y9: 0.989 | Z9: 0.224 | AA9: 0 | AB9: 0 | AC9: 1 | AD9: 40.062 | AE9: 1 | AF9: 1 | AG9: 1 | AH9: Ecohydro | AI9: 0
A10: 9 | B10: P-1058 | C10: 2022/04/04 16:37:01 | D10: 1-01 | E10: 9 | F10: -5.571 | G10: -30.05 | H10: 17152 | I10: 0 | J10: 1 | M10: H2O | N10: 1.6491085e+09 | O10: 0.194 | P10: 0.396 | Q10: 59.049 | R10: 0.001 | S10: -0.001 | T10: 1.412 | U10: 101.497 | V10: 20.861 | W10: 2.422 | X10: 94.221 | Y10: 0.988 | Z10: 0.242 | AA10: 0 | AB10: 0 | AC10: 1 | AD10: 40.125 | AE10: 1 | AF10: 1 | AG10: 1 | AH10: Ecohydro | AI10: 0
A11: 10 | B11: P-1058 | C11: 2022/04/04 16:45:59 | D11: 1-01 | E11: 10 | F11: -5.521 | G11: -30.094 | H11: 17072 | I11: 0 | J11: 1 | M11: H2O | N11: 1.6491091e+09 | O11: 0.198 | P11: 0.363 | Q11: 58.227 | R11: 0 | S11: -0.001 | T11: 1.402 | U11: 101.232 | V11: 20.638 | W11: 2.365 | X11: 93.098 | Y11: 0.984 | Z11: 0.033 | AA11: 0 | AB11: 0 | AC11: 1 | AD11: 40.125 | AE11: 1 | AF11: 1 | AG11: 1 | AH11: Ecohydro | AI11: 0
A12: 11 | B12: P-1058 | C12: 2022/04/04 16:54:57 | D12: 1-01 | E12: 11 | F12: -5.524 | G12: -29.97 | H12: 17084 | I12: 0 | J12: 1 | M12: H2O | N12: 1.6491096e+09 | O12: 0.218 | P12: 0.372 | Q12: 59.728 | R12: 0 | S12: -0.003 | T12: 1.435 | U12: 100.959 | V12: 20.773 | W12: 2.418 | X12: 94.711 | Y12: 0.987 | Z12: 0.392 | AA12: 0 | AB12: 0 | AC12: 1 | AD12: 40.125 | AE12: 1 | AF12: 1 | AG12: 1 | AH12: Ecohydro | AI12: 0
A13: 12 | B13: P-1058 | C13: 2022/04/04 17:03:54 | D13: 1-01 | E13: 12 | F13: -5.521 | G13: -29.905 | H13: 17076 | I13: 0 | J13: 1 | M13: H2O | N13: 1.6491101e+09 | O13: 0.17 | P13: 0.356 | Q13: 58.434 | R13: 0.001 | S13: -0.001 | T13: 1.403 | U13: 101.152 | V13: 21.253 | W13: 2.343 | X13: 91.655 | Y13: 0.967 | Z13: -0.097 | AA13: 0 | AB13: 0 | AC13: 1 | AD13: 40.062 | AE13: 1 | AF13: 1 | AG13: 1 | AH13: Ecohydro | AI13: 0
... A640: 639 | B640: P-1144 | C640: 2022/04/08 14:39:51 | D640: 1-87 | E640: 6 | F640: -5.838 | G640: -36.381 | H640: 17098 | I640: 0 | J640: 1 | M640: H2O | N640: 1.6494471e+09 | O640: 0.206 | P640: 0.356 | Q640: 55.056 | R640: 0.001 | S640: 0.001 | T640: 1.311 | U640: 101.071 | V640: 21.638 | W640: 2.394 | X640: 92.767 | Y640: 0.901 | Z640: 0.265 | AA640: 0 | AB640: 0 | AC640: 1 | AD640: 40.188 | AE640: 1 | AF640: 87 | AG640: 6 | AH640: Ecohydro | AI640: 0

Sheet Uncalibrated Data
A1: Tray Position | B1: Sample ID | C1: Picarro ID | D1: d(18_16) | E1: d(D_H) | F1: Count
A2: 1 | B2: ='Tray Configuration'!B28 -> Ouachita | C2: ='Picarro Output'!B16 -> P-1058 | D2: =AVERAGE('Picarro Output'!F12:F16) -> -5.5098 | E2: =AVERAGE('Picarro Output'!G12:G16) -> -29.8414 | F2: 15
A3: 2 | B3: ='Tray Configuration'!C28 -> Sipsey | C3: ='Picarro Output'!B31 -> P-1059 | D3: =AVERAGE('Picarro Output'!F27:F31) -> -4.5478 | E3: =AVERAGE('Picarro Output'!G27:G31) -> -22.6564 | F3: 15
A4: 3 | B4: ='Tray Configuration'!D28 -> Iceland | C4: ='Picarro Output'!B46 -> P-1060 | D4: =AVERAGE('Picarro Output'!F42:F46) -> -7.9614 | E4: =AVERAGE('Picarro Output'!G42:G46) -> -52.7198 | F4: 15
A5: 4 | B5: ='Tray Configuration'!E28 -> Sipsey | C5: ='Picarro Output'!B61 -> P-1061 | D5: =AVERAGE('Picarro Output'!F57:F61) -> -4.4944 | E5: =AVERAGE('Picarro Output'!G57:G61) -> -22.4934 | F5: 15
A6: 5 | B6: ='Tray Configuration'!F28 -> Ouachita | C6: ='Picarro Output'!B76 -> P-1062 | D6: =AVERAGE('Picarro Output'!F72:F76) -> -5.4786 | E6: =AVERAGE('Picarro Output'!G72:G76) -> -29.4128 | F6: 15
A7: 6 | B7: ='Tray Configuration'!G28 -> WAIS_01M01_2_RAW_20210809 | C7: ='Picarro Output'!B82 -> P-1063 | D7: =AVERAGE('Picarro Output'!F80:F82) -> 0.096333333 | E7: =AVERAGE('Picarro Output'!G80:G82) -> 2.3436667 | F7: 6
A8: 7 | B8: ='Tray Configuration'!H28 -> WAIS_02M06_2_RAW_20210809 | C8: ='Picarro Output'!B88 -> P-1064 | D8: =AVERAGE('Picarro Output'!F86:F88) -> -1.4983333 | E8: =AVERAGE('Picarro Output'!G86:G88) -> -11.952667 | F8: 6
A9: 8 | B9: ='Tray Configuration'!B27 -> WAIS_02M07_2_RAW_20210809 | C9: ='Picarro Output'!B94 -> P-1065 | D9: =AVERAGE('Picarro Output'!F84:F92) -> -1.9201111 | E9: =AVERAGE('Picarro Output'!G92:G94) -> -17.767333 | F9: 6
A10: 9 | B10: ='Tray Configuration'!C27 -> WAIS_SFM01_1_RAW_20211214 | C10: ='Picarro Output'!B100 -> P-1066 | D10: =AVERAGE('Picarro Output'!F98:F100) -> -5.659 | E10: =AVERAGE('Picarro Output'!G98:G100) -> -35.33 | F10: 6
A11: 10 | B11: ='Tray Configuration'!D27 -> WAIS_N01B_1_RAW_20210903 | C11: ='Picarro Output'!B106 -> P-1067 | D11: =AVERAGE('Picarro Output'!F104:F106) -> -5.39 | E11: =AVERAGE('Picarro Output'!G104:G106) -> -29.235 | F11: 6
A12: 11 | B12: ='Tray Configuration'!E27 -> WAIS_N4DWSeep1_RAW_20220211 | C12: ='Picarro Output'!B112 -> P-1068 | D12: =AVERAGE('Picarro Output'!F110:F112) -> -6.1496667 | E12: =AVERAGE('Picarro Output'!G110:G112) -> -38.88 | F12: 6
A13: 12 | B13: ='Tray Configuration'!F27 -> WAIS_N4DWSeep2_RAW_20220211 | C13: ='Picarro Output'!B118 -> P-1069 | D13: =AVERAGE('Picarro Output'!F116:F118) -> -6.199 | E13: =AVERAGE('Picarro Output'!G116:G118) -> -39.243333 | F13: 6
A14: 13 | B14: ='Tray Configuration'!G27 -> WAIS_N4DSeep4_RAW_20220211 | C14: ='Picarro Output'!B124 -> P-1070 | D14: =AVERAGE('Picarro Output'!F122:F124) -> -6.045 | E14: =AVERAGE('Picarro Output'!G122:G124) -> -38.401667 | F14: 6
A15: 14 | B15: ='Tray Configuration'!H27 -> Ouachita | C15: ='Picarro Output'!B130 -> P-1071 | D15: =AVERAGE('Picarro Output'!F128:F130) -> -5.367 | E15: =AVERAGE('Picarro Output'!G128:G130) -> -29.377667 | F15: 6
A16: 15 | B16: ='Tray Configuration'!B26 -> WAIS_N2BSeepB_RAW_20220211 | C16: ='Picarro Output'!B136 -> P-1072 | D16: =AVERAGE('Picarro Output'!F134:F136) -> -6.069 | E16: =AVERAGE('Picarro Output'!G134:G136) -> -38.318333 | F16: 6
A17: 16 | B17: ='Tray Configuration'!C26 -> WAIS_33Eis_1_Filt_20220113 | C17: ='Picarro Output'!B142 -> P-1073 | D17: =AVERAGE('Picarro Output'!F140:F142) -> -5.727 | E17: =AVERAGE('Picarro Output'!G140:G142) -> -36.811667 | F17: 6
A18: 17 | B18: ='Tray Configuration'!D26 -> WAIS_ENM01_1_RAW_20211123 | C18: ='Picarro Output'!B148 -> P-1074 | D18: =AVERAGE('Picarro Output'!F146:F148) -> -4.897 | E18: =AVERAGE('Picarro Output'!G146:G148) -> -30.022 | F18: 6
A19: 18 | B19: ='Tray Configuration'!E26 -> WAIS_ENM03_1_RAW_20210827 | C19: ='Picarro Output'!B154 -> P-1075 | D19: =AVERAGE('Picarro Output'!F152:F154) -> -3.8876667 | E19: =AVERAGE('Picarro Output'!G152:G154) -> -23.865333 | F19: 6
A20: 19 | B20: ='Tray Configuration'!F26 -> 4_6_MOR_DUP_N4D_20220113 | C20: ='Picarro Output'!B160 -> P-1076 | D20: =AVERAGE('Picarro Output'!F158:F160) -> -5.8666667 | E20: =AVERAGE('Picarro Output'!G158:G160) -> -36.765667 | F20: 6
A21: 20 | B21: ='Tray Configuration'!G26 -> 4_6_Eis2_DUP_20220113 | C21: ='Picarro Output'!B166 -> P-1077 | D21: =AVERAGE('Picarro Output'!F164:F166) -> -5.9243333 | E21: =AVERAGE('Picarro Output'!G164:G166) -> -37.528333 | F21: 6
A22: 21 | B22: ='Tray Configuration'!H26 -> Ouachita | C22: ='Picarro Output'!B172 -> P-1078 | D22: =AVERAGE('Picarro Output'!F170:F172) -> -5.5066667 | E22: =AVERAGE('Picarro Output'!G170:G172) -> -29.450667 | F22: 6
A23: 22 | B23: ='Tray Configuration'!B25 -> 3_5_MOR_N4D_DUP_20220113 | C23: ='Picarro Output'!B178 -> P-1079 | D23: =AVERAGE('Picarro Output'!F176:F178) -> -5.8706667 | E23: =AVERAGE('Picarro Output'!G176:G178) -> -36.850667 | F23: 6
A24: 23 | B24: ='Tray Configuration'!C25 -> WAIS_ENM03_1_RAW_20210811 | C24: ='Picarro Output'!B184 -> P-1080 | D24: =AVERAGE('Picarro Output'!F182:F184) -> -4.0453333 | E24: =AVERAGE('Picarro Output'!G182:G184) -> -24.997667 | F24: 6
A25: 24 | B25: ='Tray Configuration'!D25 -> WAIS_ENM01_1_RAW_20210916 | C25: ='Picarro Output'!B190 -> P-1081 | D25: =AVERAGE('Picarro Output'!F188:F190) -> -4.71 | E25: =AVERAGE('Picarro Output'!G188:G190) -> -28.803 | F25: 6
A26: 25 | B26: ='Tray Configuration'!F25 -> WAIS_ENM03_1_RAW_20211015 | C26: ='Picarro Output'!B196 -> P-1082 | D26: =AVERAGE('Picarro Output'!F194:F196) -> -5.672 | E26: =AVERAGE('Picarro Output'!G194:G196) -> -29.429333 | F26: 6
A27: 26 | B27: ='Tray Configuration'!F25 -> WAIS_ENM03_1_RAW_20211015 | C27: ='Picarro Output'!B202 -> P-1083 | D27: =AVERAGE('Picarro Output'!F200:F202) -> -4.9546667 | E27: =AVERAGE('Picarro Output'!G200:G202) -> -29.941667 | F27: 6
A28: 27 | B28: ='Tray Configuration'!G25 -> TLM01 20211007 | C28: ='Picarro Output'!B208 -> P-1084 | D28: =AVERAGE('Picarro Output'!F206:F208) -> -4.7986667 | E28: =AVERAGE('Picarro Output'!G206:G208) -> -24.470667 | F28: 6
A29: 28 | B29: ='Tray Configuration'!H25 -> Ouachita | C29: ='Picarro Output'!B214 -> P-1085 | D29: =AVERAGE('Picarro Output'!F212:F214) -> -5.5083333 | E29: =AVERAGE('Picarro Output'!G212:G214) -> -29.378667 | F29: 6
A30: 29 | B30: ='Tray Configuration'!B24 -> TLM01 20211026 | C30: ='Picarro Output'!B220 -> P-1086 | D30: =AVERAGE('Picarro Output'!F218:F220) -> -4.7836667 | E30: =AVERAGE('Picarro Output'!G218:G220) -> -24.601667 | F30: 6
A31: 30 | B31: ='Tray Configuration'!C24 -> TLM01 20211110 | C31: ='Picarro Output'!B226 -> P-1087 | D31: =AVERAGE('Picarro Output'!F224:F226) -> -4.8023333 | E31: =AVERAGE('Picarro Output'!G224:G226) -> -24.64 | F31: 6
A32: 31 | B32: ='Tray Configuration'!D24 -> TLM01 20220105 | C32: ='Picarro Output'!B232 -> P-1088 | D32: =AVERAGE('Picarro Output'!F230:F232) -> -4.529 | E32: =AVERAGE('Picarro Output'!G230:G232) -> -22.129333 | F32: 6
A33: 32 | B33: ='Tray Configuration'!E24 -> Ouachita | C33: ='Picarro Output'!B247 -> P-1089 | D33: =AVERAGE('Picarro Output'!F243:F247) -> -5.4642 | E33: =AVERAGE('Picarro Output'!G243:G247) -> -29.2228 | F33: 15
A34: 33 | B34: ='Tray Configuration'!F24 -> Sipsey | C34: ='Picarro Output'!B262 -> P-1090 | D34: =AVERAGE('Picarro Output'!F258:F262) -> -4.5336 | E34: =AVERAGE('Picarro Output'!G258:G262) -> -22.3218 | F34: 15
A35: 34 | B35: ='Tray Configuration'!G24 -> Iceland | C35: ='Picarro Output'!B277 -> P-1091 | D35: =AVERAGE('Picarro Output'!F273:F277) -> -7.9722 | E35: =AVERAGE('Picarro Output'!G273:G277) -> -52.4126 | F35: 15
A36: 35 | B36: ='Tray Configuration'!H24 -> Ouachita | C36: ='Picarro Output'!B292 -> P-1092 | D36: =AVERAGE('Picarro Output'!F288:F292) -> -5.4994 | E36: =AVERAGE('Picarro Output'!G288:G292) -> -29.3316 | F36: 15
A37: 36 | B37: ='Tray Configuration'!B23 -> TLM01 20220131 | C37: ='Picarro Output'!B298 -> P-1093 | D37: =AVERAGE('Picarro Output'!F296:F298) -> -4.7673333 | E37: =AVERAGE('Picarro Output'!G296:G298) -> -24.172333 | F37: 6
A38: 37 | B38: ='Tray Configuration'!C23 -> TLP01 20220124 | C38: ='Picarro Output'!B304 -> P-1094 | D38: =AVERAGE('Picarro Output'!F302:F304) -> -4.765 | E38: =AVERAGE('Picarro Output'!G302:G304) -> -24.102 | F38: 6
A39: 38 | B39: ='Tray Configuration'!D23 -> TLM01 20220124 | C39: ='Picarro Output'!B310 -> P-1095 | D39: =AVERAGE('Picarro Output'!F308:F310) -> -4.7193333 | E39: =AVERAGE('Picarro Output'!G308:G310) -> -23.710667 | F39: 6
A40: 39 | B40: ='Tray Configuration'!E23 -> TLC01 20220124 | C40: ='Picarro Output'!B316 -> P-1096 | D40: =AVERAGE('Picarro Output'!F314:F316) -> -4.7416667 | E40: =AVERAGE('Picarro Output'!G314:G316) -> -23.921 | F40: 6
A41: 40 | B41: ='Tray Configuration'!F23 -> TLM10 20220124 | C41: ='Picarro Output'!B322 -> P-1097 | D41: =AVERAGE('Picarro Output'!F320:F322) -> -4.706 | E41: =AVERAGE('Picarro Output'!G320:G322) -> -23.548333 | F41: 6
A42: 41 | B42: ='Tray Configuration'!G23 -> TLM06 20220124 | C42: ='Picarro Output'!B328 -> P-1098 | D42: =AVERAGE('Picarro Output'!F326:F328) -> -4.698 | E42: =AVERAGE('Picarro Output'!G326:G328) -> -23.618 | F42: 6
A43: 42 | B43: ='Tray Configuration'!H23 -> Ouachita | C43: ='Picarro Output'!B334 -> P-1099 | D43: =AVERAGE('Picarro Output'!F332:F334) -> -5.449 | E43: =AVERAGE('Picarro Output'!G332:G334) -> -29.130333 | F43: 6
A44: 43 | B44: ='Tray Configuration'!B22 -> TLA01 20220124 | C44: ='Picarro Output'!B340 -> P-1100 | D44: =AVERAGE('Picarro Output'!F338:F340) -> -4.8193333 | E44: =AVERAGE('Picarro Output'!G338:G340) -> -24.323 | F44: 6
A45: 44 | B45: ='Tray Configuration'!C22 -> TLM16 20220124 | C45: ='Picarro Output'!B346 -> P-1101 | D45: =AVERAGE('Picarro Output'!F344:F346) -> -4.7173333 | E45: =AVERAGE('Picarro Output'!G344:G346) -> -23.416667 | F45: 6
A46: 45 | B46: ='Tray Configuration'!D22 -> TLM19 20220124 | C46: ='Picarro Output'!B352 -> P-1102 | D46: =AVERAGE('Picarro Output'!F350:F352) -> -4.653 | E46: =AVERAGE('Picarro Output'!G350:G352) -> -22.970333 | F46: 6
A47: 46 | B47: ='Tray Configuration'!E22 -> TLM01 20220330 | C47: ='Picarro Output'!B358 -> P-1103 | D47: =AVERAGE('Picarro Output'!F356:F358) -> -4.615 | E47: =AVERAGE('Picarro Output'!G356:G358) -> -22.724333 | F47: 6
A48: 47 | B48: ='Tray Configuration'!F22 -> TLC01 20220330 | C48: ='Picarro Output'!B364 -> P-1104 | D48: =AVERAGE('Picarro Output'!F362:F364) -> -4.6563333 | E48: =AVERAGE('Picarro Output'!G362:G364) -> -23.204 | F48: 6
A49: 48 | B49: ='Tray Configuration'!G22 -> TLM06 20220330 | C49: ='Picarro Output'!B370 -> P-1105 | D49: =AVERAGE('Picarro Output'!F368:F370) -> -4.6176667 | E49: =AVERAGE('Picarro Output'!G368:G370) -> -22.709333 | F49: 6
A50: 49 | B50: ='Tray Configuration'!H22 -> Ouachita | C50: ='Picarro Output'!B376 -> P-1106 | D50: =AVERAGE('Picarro Output'!F374:F376) -> -5.4446667 | E50: =AVERAGE('Picarro Output'!G374:G376) -> -28.941 | F50: 6
A51: 50 | B51: ='Tray Configuration'!B21 -> TLM10 20220330 | C51: ='Picarro Output'!B382 -> P-1107 | D51: =AVERAGE('Picarro Output'!F380:F382) -> -4.5876667 | E51: =AVERAGE('Picarro Output'!G380:G382) -> -22.603667 | F51: 6
A52: 51 | B52: ='Tray Configuration'!C21 -> TLA01 20220330 | C52: ='Picarro Output'!B388 -> P-1108 | D52: =AVERAGE('Picarro Output'!F386:F388) -> -4.753 | E52: =AVERAGE('Picarro Output'!G386:G388) -> -23.420333 | F52: 6
A53: 52 | B53: ='Tray Configuration'!D21 -> TLM16 20220330 | C53: ='Picarro Output'!B394 -> P-1109 | D53: =AVERAGE('Picarro Output'!F392:F394) -> -4.6126667 | E53: =AVERAGE('Picarro Output'!G392:G394) -> -22.575333 | F53: 6
A54: 53 | B54: ='Tray Configuration'!E21 -> TLM19 20220330 | C54: ='Picarro Output'!B400 -> P-1110 | D54: =AVERAGE('Picarro Output'!F398:F400) -> -4.4926667 | E54: =AVERAGE('Picarro Output'!G398:G400) -> -21.508667 | F54: 6
A55: 54 | B55: ='Tray Configuration'!F21 -> TAL Precip 20220330 | C55: ='Picarro Output'!B406 -> P-1111 | D55: =AVERAGE('Picarro Output'!F404:F406) -> -3.268 | E55: =AVERAGE('Picarro Output'!G404:G406) -> -11.070333 | F55: 6
A56: 55 | B56: ='Tray Configuration'!G21 -> WHM01 20211014 | C56: ='Picarro Output'!B412 -> P-1112 | D56: =AVERAGE('Picarro Output'!F410:F412) -> -3.8886667 | E56: =AVERAGE('Picarro Output'!G410:G412) -> -19.534 | F56: 6
A57: 56 | B57: ='Tray Configuration'!H21 -> Ouachita | C57: ='Picarro Output'!B418 -> P-1113 | D57: =AVERAGE('Picarro Output'!F416:F418) -> -5.2813333 | E57: =AVERAGE('Picarro Output'!G416:G418) -> -28.706 | F57: 6
A58: 57 | B58: ='Tray Configuration'!B20 -> WHM01 20211104 | C58: ='Picarro Output'!B424 -> P-1114 | D58: =AVERAGE('Picarro Output'!F422:F424) -> -3.8836667 | E58: =AVERAGE('Picarro Output'!G422:G424) -> -19.926333 | F58: 6
A59: 58 | B59: ='Tray Configuration'!C20 -> WHM01 20211129 | C59: ='Picarro Output'!B430 -> P-1115 | D59: =AVERAGE('Picarro Output'!F428:F430) -> -3.7773333 | E59: =AVERAGE('Picarro Output'!G428:G430) -> -18.967333 | F59: 6
A60: 59 | B60: ='Tray Configuration'!D20 -> WHM01 20211220 | C60: ='Picarro Output'!B436 -> P-1116 | D60: =AVERAGE('Picarro Output'!F434:F436) -> -3.8596667 | E60: =AVERAGE('Picarro Output'!G434:G436) -> -19.003333 | F60: 6
A61: 60 | B61: ='Tray Configuration'!E20 -> WHM01 20220106 | C61: ='Picarro Output'!B442 -> P-1117 | D61: =AVERAGE('Picarro Output'!F440:F442) -> -3.8686667 | E61: =AVERAGE('Picarro Output'!G440:G442) -> -18.543 | F61: 6
A62: 61 | B62: ='Tray Configuration'!F20 -> WHM01 20220322 | C62: ='Picarro Output'!B448 -> P-1118 | D62: =AVERAGE('Picarro Output'!F446:F448) -> -3.824 | E62: =AVERAGE('Picarro Output'!G446:G448) -> -17.568333 | F62: 6
A63: 62 | B63: ='Tray Configuration'!G20 -> WHB01 20220322 | C63: ='Picarro Output'!B454 -> P-1119 | D63: =AVERAGE('Picarro Output'!F452:F454) -> -3.882 | E63: =AVERAGE('Picarro Output'!G452:G454) -> -17.611667 | F63: 6
A64: 63 | B64: ='Tray Configuration'!H20 -> Ouachita | C64: ='Picarro Output'!B460 -> P-1120 | D64: =AVERAGE('Picarro Output'!F458:F460) -> -5.4306667 | E64: =AVERAGE('Picarro Output'!G458:G460) -> -28.939 | F64: 6
A65: 64 | B65: ='Tray Configuration'!B19 -> WHA02 20220322 | C65: ='Picarro Output'!B466 -> P-1121 | D65: =AVERAGE('Picarro Output'!F464:F466) -> -3.758 | E65: =AVERAGE('Picarro Output'!G464:G466) -> -16.848 | F65: 6
A66: 65 | B66: ='Tray Configuration'!C19 -> WHM03 20220322 | C66: ='Picarro Output'!B472 -> P-1122 | D66: =AVERAGE('Picarro Output'!F470:F472) -> -3.823 | E66: =AVERAGE('Picarro Output'!G470:G472) -> -17.552 | F66: 6
A67: 66 | B67: ='Tray Configuration'!D19 -> WHM07 20220322 | C67: ='Picarro Output'!B478 -> P-1123 | D67: =AVERAGE('Picarro Output'!F476:F478) -> -3.8656667 | E67: =AVERAGE('Picarro Output'!G476:G478) -> -17.749333 | F67: 6
A68: 67 | B68: ='Tray Configuration'!E19 -> Ouachita | C68: ='Picarro Output'!B493 -> P-1124 | D68: =AVERAGE('Picarro Output'!F489:F493) -> -5.395 | E68: =AVERAGE('Picarro Output'!G489:G493) -> -28.8694 | F68: 15
A69: 68 | B69: ='Tray Configuration'!F19 -> Sipsey | C69: ='Picarro Output'!B508 -> P-1125 | D69: =AVERAGE('Picarro Output'!F504:F508) -> -4.481 | E69: =AVERAGE('Picarro Output'!G504:G508) -> -22.0198 | F69: 15
A70: 69 | B70: ='Tray Configuration'!G19 -> Iceland | C70: ='Picarro Output'!B523 -> P-1126 | D70: =AVERAGE('Picarro Output'!F519:F523) -> -7.9144 | E70: =AVERAGE('Picarro Output'!G519:G523) -> -52.2148 | F70: 15
A71: 70 | B71: ='Tray Configuration'!H19 -> Ouachita | C71: ='Picarro Output'!B538 -> P-1127 | D71: =AVERAGE('Picarro Output'!F534:F538) -> -5.4144 | E71: =AVERAGE('Picarro Output'!G534:G538) -> -29.0038 | F71: 15
A72: 71 | B72: ='Tray Configuration'!B18 -> WHM10 20220322 | C72: ='Picarro Output'!B544 -> P-1128 | D72: =AVERAGE('Picarro Output'!F542:F544) -> -3.781 | E72: =AVERAGE('Picarro Output'!G542:G544) -> -17.400333 | F72: 6
A73: 72 | B73: ='Tray Configuration'!C18 -> WHM12 20220322 | C73: ='Picarro Output'!B550 -> P-1129 | D73: =AVERAGE('Picarro Output'!F548:F550) -> -3.851 | E73: =AVERAGE('Picarro Output'!G548:G550) -> -17.470333 | F73: 6
A74: 73 | B74: ='Tray Configuration'!D18 -> PRM01 20211013 | C74: ='Picarro Output'!B556 -> P-1130 | D74: =AVERAGE('Picarro Output'!F554:F556) -> -5.631 | E74: =AVERAGE('Picarro Output'!G554:G556) -> -30.268667 | F74: 6
A75: 74 | B75: ='Tray Configuration'!E18 -> PRM01 20211103 | C75: ='Picarro Output'!B562 -> P-1131 | D75: =AVERAGE('Picarro Output'!F560:F562) -> -5.4763333 | E75: =AVERAGE('Picarro Output'!G560:G562) -> -29.554333 | F75: 6
A76: 75 | B76: ='Tray Configuration'!F18 -> PRM01 20211122 | C76: ='Picarro Output'!B568 -> P-1132 | D76: =AVERAGE('Picarro Output'!F566:F568) -> -5.2843333 | E76: =AVERAGE('Picarro Output'!G566:G568) -> -26.780333 | F76: 6
A77: 76 | B77: ='Tray Configuration'!G18 -> PRM01 20211215 | C77: ='Picarro Output'!B574 -> P-1133 | D77: =AVERAGE('Picarro Output'!F572:F574) -> -5.498 | E77: =AVERAGE('Picarro Output'!G572:G574) -> -29.318 | F77: 6
A78: 77 | B78: ='Tray Configuration'!H18 -> Ouachita | C78: ='Picarro Output'!B580 -> P-1134 | D78: =AVERAGE('Picarro Output'!F578:F580) -> -5.3843333 | E78: =AVERAGE('Picarro Output'!G578:G580) -> -28.929 | F78: 6
A79: 78 | B79: ='Tray Configuration'!B17 -> PRM01 20220112 | C79: ='Picarro Output'!B586 -> P-1135 | D79: =AVERAGE('Picarro Output'!F584:F586) -> -5.323 | E79: =AVERAGE('Picarro Output'!G584:G586) -> -27.551333 | F79: 6
A80: 79 | B80: ='Tray Configuration'!C17 -> PRM01 20220314 | C80: ='Picarro Output'!B592 -> P-1136 | D80: =AVERAGE('Picarro Output'!F590:F592) -> -5.236 | E80: =AVERAGE('Picarro Output'!G590:G592) -> -27.260667 | F80: 6
A81: 80 | B81: ='Tray Configuration'!D17 -> PRM06 20220314 | C81: ='Picarro Output'!B598 -> P-1137 | D81: =AVERAGE('Picarro Output'!F596:F598) -> -5.2516667 | E81: =AVERAGE('Picarro Output'!G596:G598) -> -27.493667 | F81: 6
A82: 81 | B82: ='Tray Configuration'!E17 -> PRB01 20220314 | C82: ='Picarro Output'!B604 -> P-1138 | D82: =AVERAGE('Picarro Output'!F602:F604) -> -5.106 | E82: =AVERAGE('Picarro Output'!G602:G604) -> -26.625667 | F82: 6
A83: 82 | B83: ='Tray Configuration'!F17 -> PRM11 20220314 | C83: ='Picarro Output'!B610 -> P-1139 | D83: =AVERAGE('Picarro Output'!F608:F610) -> -5.3606667 | E83: =AVERAGE('Picarro Output'!G608:G610) -> -27.914667 | F83: 6
A84: 83 | B84: ='Tray Configuration'!G17 -> PRM15 20220314 | C84: ='Picarro Output'!B616 -> P-1140 | D84: =AVERAGE('Picarro Output'!F614:F616) -> -5.4203333 | E84: =AVERAGE('Picarro Output'!G614:G616) -> -28.241333 | F84: 6
A85: 84 | B85: ='Tray Configuration'!H17 -> Ouachita | C85: ='Picarro Output'!B622 -> P-1141 | D85: =AVERAGE('Picarro Output'!F620:F622) -> -5.4403333 | E85: =AVERAGE('Picarro Output'!G620:G622) -> -29.154333 | F85: 6
A86: 85 | B86: ='Tray Configuration'!B16 -> PRA01 20220314 | C86: ='Picarro Output'!B628 -> P-1142 | D86: =AVERAGE('Picarro Output'!F626:F628) -> -5.3216667 | E86: =AVERAGE('Picarro Output'!G626:G628) -> -27.736667 | F86: 6
A87: 86 | B87: ='Tray Configuration'!C16 -> PRM19 20220314 | C87: ='Picarro Output'!B634 -> P-1143 | D87: =AVERAGE('Picarro Output'!F632:F634) -> -5.5016667 | E87: =AVERAGE('Picarro Output'!G632:G634) -> -28.635333 | F87: 6
A88: 87 | B88: ='Tray Configuration'!D16 -> WAIS_02M09_1_RAW_NODATE | C88: ='Picarro Output'!B640 -> P-1144 | D88: =AVERAGE('Picarro Output'!F638:F640) -> -5.8506667 | E88: =AVERAGE('Picarro Output'!G638:G640) -> -36.446333 | F88: 6
A89: 88 | B89: ='Tray Configuration'!E16 -> 0 | C89: ='Picarro Output'!B646 -> 0 | D89: =AVERAGE('Picarro Output'!F644:F646) -> #DIV/0! | E89: =AVERAGE('Picarro Output'!G644:G646) -> #DIV/0! | F89: 6
A90: 89 | B90: ='Tray Configuration'!F16 -> 0 | C90: ='Picarro Output'!B652 -> 0 | D90: =AVERAGE('Picarro Output'!F650:F652) -> #DIV/0! | E90: =AVERAGE('Picarro Output'!G650:G652) -> #DIV/0! | F90: 6
A91: 90 | B91: ='Tray Configuration'!G16 -> 0 | C91: ='Picarro Output'!B658 -> 0 | D91: =AVERAGE('Picarro Output'!F656:F658) -> #DIV/0! | E91: =AVERAGE('Picarro Output'!G656:G658) -> #DIV/0! | F91: 6
A92: 91 | B92: ='Tray Configuration'!H16 -> 0 | C92: ='Picarro Output'!B664 -> 0 | D92: =AVERAGE('Picarro Output'!F662:F664) -> #DIV/0! | E92: =AVERAGE('Picarro Output'!G662:G664) -> #DIV/0! | F92: 6
A93: 92 | B93: ='Tray Configuration'!B15 -> 0 | C93: ='Picarro Output'!B670 -> 0 | D93: =AVERAGE('Picarro Output'!F668:F670) -> #DIV/0! | E93: =AVERAGE('Picarro Output'!G668:G670) -> #DIV/0! | F93: 6
A94: 93 | B94: ='Tray Configuration'!C15 -> 0 | C94: ='Picarro Output'!B676 -> 0 | D94: =AVERAGE('Picarro Output'!F674:F676) -> #DIV/0! | E94: =AVERAGE('Picarro Output'!G674:G676) -> #DIV/0! | F94: 6
A95: 94 | B95: ='Tray Configuration'!D15 -> 0 | C95: ='Picarro Output'!B682 -> 0 | D95: =AVERAGE('Picarro Output'!F680:F682) -> #DIV/0! | E95: =AVERAGE('Picarro Output'!G680:G682) -> #DIV/0! | F95: 6
A96: 95 | B96: ='Tray Configuration'!E15 -> 0 | C96: ='Picarro Output'!B688 -> 0 | D96: =AVERAGE('Picarro Output'!F686:F688) -> #DIV/0! | E96: =AVERAGE('Picarro Output'!G686:G688) -> #DIV/0! | F96: 6
A97: 96 | B97: ='Tray Configuration'!F15 -> 0 | C97: ='Picarro Output'!B694 -> 0 | D97: =AVERAGE('Picarro Output'!F692:F694) -> #DIV/0! | E97: =AVERAGE('Picarro Output'!G692:G694) -> #DIV/0! | F97: 6
A98: 97 | B98: ='Tray Configuration'!G15 -> 0 | C98: ='Picarro Output'!B700 -> 0 | D98: =AVERAGE('Picarro Output'!F698:F700) -> #DIV/0! | E98: =AVERAGE('Picarro Output'!G698:G700) -> #DIV/0! | F98: 6
A99: 98 | B99: ='Tray Configuration'!H15 -> 0 | C99: ='Picarro Output'!B706 -> 0 | D99: =AVERAGE('Picarro Output'!F704:F706) -> #DIV/0! | E99: =AVERAGE('Picarro Output'!G704:G706) -> #DIV/0! | F99: 6
A100: 99 | B100: ='Tray Configuration'!B14 -> 0 | C100: ='Picarro Output'!B712 -> 0 | D100: =AVERAGE('Picarro Output'!F710:F712) -> #DIV/0! | E100: =AVERAGE('Picarro Output'!G710:G712) -> #DIV/0! | F100: 6
...

Sheet Calibration
A1: Measured | F1: Known Values | J1: Calibration | K1: d(18_16) | M1: dD
A2: Tray Position | B2: Standard | C2: d18_16 | D2: dH | F2: ='Tray Configuration'!C33 -> Standard ID | G2: ='Tray Configuration'!D33 -> Actual d(18_16) | H2: ='Tray Configuration'!E33 -> Actual d(D_H) | J2: Standard ID | K2: measured | L2: known | M2: measured | N2: known
A3: 1 | B3: =INDEX('Uncalibrated Data'!$A$2:$E$109, Calibration!A3, 2) -> Ouachita | C3: =INDEX('Uncalibrated Data'!$A$2:$E$109, Calibration!A3, 4) -> -5.5098 | D3: =INDEX('Uncalibrated Data'!$A$2:$E$109, Calibration!A3, 5) -> -29.8414 | F3: =IF('Tray Configuration'!C34="","",'Tray Configuration'!C34) -> Iceland | G3: =IF(F3="","",'Tray Configuration'!D34) -> -8 | H3: =IF(F3="","",'Tray Configuration'!E34) -> -52.8 | J3: =IF(A3="","",B3) -> Ouachita | K3: =IF(J3="","",C3) -> -5.5098 | L3: =IF(J3="","",SUMIF($F$3:$F$18,J3,$G$3:$G$18)) -> -5.5 | M3: =IF(J3="","",D3) -> -29.8414 | N3: =IF(J3="","",SUMIF($F$3:$F$18,J3,$H$3:$H$18)) -> -29.6
A4: 2 | B4: =INDEX('Uncalibrated Data'!$A$2:$E$109, Calibration!A4, 2) -> Sipsey | C4: =INDEX('Uncalibrated Data'!$A$2:$E$109, Calibration!A4, 4) -> -4.5478 | D4: =INDEX('Uncalibrated Data'!$A$2:$E$109, Calibration!A4, 5) -> -22.6564 | F4: =IF('Tray Configuration'!C35="","",'Tray Configuration'!C35) -> Ouachita | G4: =IF(F4="","",'Tray Configuration'!D35) -> -5.5 | H4: =IF(F4="","",'Tray Configuration'!E35) -> -29.6 | J4: =IF(A4="","",B4) -> Sipsey | K4: =IF(J4="","",C4) -> -4.5478 | L4: =IF(J4="","",SUMIF($F$3:$F$18,J4,$G$3:$G$18)) -> -4.5 | M4: =IF(J4="","",D4) -> -22.6564 | N4: =IF(J4="","",SUMIF($F$3:$F$18,J4,$H$3:$H$18)) -> -22.4
A5: 3 | B5: =INDEX('Uncalibrated Data'!$A$2:$E$109, Calibration!A5, 2) -> Iceland | C5: =INDEX('Uncalibrated Data'!$A$2:$E$109, Calibration!A5, 4) -> -7.9614 | D5: =INDEX('Uncalibrated Data'!$A$2:$E$109, Calibration!A5, 5) -> -52.7198 | F5: =IF('Tray Configuration'!C36="","",'Tray Configuration'!C36) -> Sipsey | G5: =IF(F5="","",'Tray Configuration'!D36) -> -4.5 | H5: =IF(F5="","",'Tray Configuration'!E36) -> -22.4 | J5: =IF(A5="","",B5) -> Iceland | K5: =IF(J5="","",C5) -> -7.9614 | L5: =IF(J5="","",SUMIF($F$3:$F$18,J5,$G$3:$G$18)) -> -8 | M5: =IF(J5="","",D5) -> -52.7198 | N5: =IF(J5="","",SUMIF($F$3:$F$18,J5,$H$3:$H$18)) -> -52.8
A6: 4 | B6: =INDEX('Uncalibrated Data'!$A$2:$E$109, Calibration!A6, 2) -> Sipsey | C6: =INDEX('Uncalibrated Data'!$A$2:$E$109, Calibration!A6, 4) -> -4.4944 | D6: =INDEX('Uncalibrated Data'!$A$2:$E$109, Calibration!A6, 5) -> -22.4934 | F6: =IF('Tray Configuration'!C38="","",'Tray Configuration'!C38) | G6: =IF(F6="","",'Tray Configuration'!D38) | H6: =IF(F6="","",'Tray Configuration'!E38) | J6: =IF(A6="","",B6) -> Sipsey | K6: =IF(J6="","",C6) -> -4.4944 | L6: =IF(J6="","",SUMIF($F$3:$F$18,J6,$G$3:$G$18)) -> -4.5 | M6: =IF(J6="","",D6) -> -22.4934 | N6: =IF(J6="","",SUMIF($F$3:$F$18,J6,$H$3:$H$18)) -> -22.4
A7: 5 | B7: =INDEX('Uncalibrated Data'!$A$2:$E$109, Calibration!A7, 2) -> Ouachita | C7: =INDEX('Uncalibrated Data'!$A$2:$E$109, Calibration!A7, 4) -> -5.4786 | D7: =INDEX('Uncalibrated Data'!$A$2:$E$109, Calibration!A7, 5) -> -29.4128 | F7: =IF('Tray Configuration'!C39="","",'Tray Configuration'!C39) | G7: =IF(F7="","",'Tray Configuration'!D39) | H7: =IF(F7="","",'Tray Configuration'!E39) | J7: =IF(A7="","",B7) -> Ouachita | K7: =IF(J7="","",C7) -> -5.4786 | L7: =IF(J7="","",SUMIF($F$3:$F$18,J7,$G$3:$G$18)) -> -5.5 | M7: =IF(J7="","",D7) -> -29.4128 | N7: =IF(J7="","",SUMIF($F$3:$F$18,J7,$H$3:$H$18)) -> -29.6
A8: 32 | B8: =INDEX('Uncalibrated Data'!$A$2:$E$109, Calibration!A8, 2) -> Ouachita | C8: =INDEX('Uncalibrated Data'!$A$2:$E$109, Calibration!A8, 4) -> -5.4642 | D8: =INDEX('Uncalibrated Data'!$A$2:$E$109, Calibration!A8, 5) -> -29.2228 | F8: =IF('Tray Configuration'!C40="","",'Tray Configuration'!C40) | G8: =IF(F8="","",'Tray Configuration'!D40) | H8: =IF(F8="","",'Tray Configuration'!E40) | J8: =IF(A8="","",B8) -> Ouachita | K8: =IF(J8="","",C8) -> -5.4642 | L8: =IF(J8="","",SUMIF($F$3:$F$18,J8,$G$3:$G$18)) -> -5.5 | M8: =IF(J8="","",D8) -> -29.2228 | N8: =IF(J8="","",SUMIF($F$3:$F$18,J8,$H$3:$H$18)) -> -29.6
A9: 33 | B9: =INDEX('Uncalibrated Data'!$A$2:$E$109, Calibration!A9, 2) -> Sipsey | C9: =INDEX('Uncalibrated Data'!$A$2:$E$109, Calibration!A9, 4) -> -4.5336 | D9: =INDEX('Uncalibrated Data'!$A$2:$E$109, Calibration!A9, 5) -> -22.3218 | F9: =IF('Tray Configuration'!C41="","",'Tray Configuration'!C41) | G9: =IF(F9="","",'Tray Configuration'!D41) | H9: =IF(F9="","",'Tray Configuration'!E41) | J9: =IF(A9="","",B9) -> Sipsey | K9: =IF(J9="","",C9) -> -4.5336 | L9: =IF(J9="","",SUMIF($F$3:$F$18,J9,$G$3:$G$18)) -> -4.5 | M9: =IF(J9="","",D9) -> -22.3218 | N9: =IF(J9="","",SUMIF($F$3:$F$18,J9,$H$3:$H$18)) -> -22.4
A10: 34 | B10: =INDEX('Uncalibrated Data'!$A$2:$E$109, Calibration!A10, 2) -> Iceland | C10: =INDEX('Uncalibrated Data'!$A$2:$E$109, Calibration!A10, 4) -> -7.9722 | D10: =INDEX('Uncalibrated Data'!$A$2:$E$109, Calibration!A10, 5) -> -52.4126 | F10: =IF('Tray Configuration'!C42="","",'Tray Configuration'!C42) | G10: =IF(F10="","",'Tray Configuration'!D42) | H10: =IF(F10="","",'Tray Configuration'!E42) | J10: =IF(A10="","",B10) -> Iceland | K10: =IF(J10="","",C10) -> -7.9722 | L10: =IF(J10="","",SUMIF($F$3:$F$18,J10,$G$3:$G$18)) -> -8 | M10: =IF(J10="","",D10) -> -52.4126 | N10: =IF(J10="","",SUMIF($F$3:$F$18,J10,$H$3:$H$18)) -> -52.8
A11: 35 | B11: =INDEX('Uncalibrated Data'!$A$2:$E$109, Calibration!A11, 2) -> Ouachita | C11: =INDEX('Uncalibrated Data'!$A$2:$E$109, Calibration!A11, 4) -> -5.4994 | D11: =INDEX('Uncalibrated Data'!$A$2:$E$109, Calibration!A11, 5) -> -29.3316 | J11: =IF(A11="","",B11) -> Ouachita | K11: =IF(J11="","",C11) -> -5.4994 | L11: =IF(J11="","",SUMIF($F$3:$F$18,J11,$G$3:$G$18)) -> -5.5 | M11: =IF(J11="","",D11) -> -29.3316 | N11: =IF(J11="","",SUMIF($F$3:$F$18,J11,$H$3:$H$18)) -> -29.6
A12: 67 | B12: =INDEX('Uncalibrated Data'!$A$2:$E$109, Calibration!A12, 2) -> Ouachita | C12: =INDEX('Uncalibrated Data'!$A$2:$E$109, Calibration!A12, 4) -> -5.395 | D12: =INDEX('Uncalibrated Data'!$A$2:$E$109, Calibration!A12, 5) -> -28.8694 | J12: =IF(A12="","",B12) -> Ouachita | K12: =IF(J12="","",C12) -> -5.395 | L12: =IF(J12="","",SUMIF($F$3:$F$18,J12,$G$3:$G$18)) -> -5.5 | M12: =IF(J12="","",D12) -> -28.8694 | N12: =IF(J12="","",SUMIF($F$3:$F$18,J12,$H$3:$H$18)) -> -29.6
A13: 68 | B13: =INDEX('Uncalibrated Data'!$A$2:$E$109, Calibration!A13, 2) -> Sipsey | C13: =INDEX('Uncalibrated Data'!$A$2:$E$109, Calibration!A13, 4) -> -4.481 | D13: =INDEX('Uncalibrated Data'!$A$2:$E$109, Calibration!A13, 5) -> -22.0198 | J13: =IF(A13="","",B13) -> Sipsey | K13: =IF(J13="","",C13) -> -4.481 | L13: =IF(J13="","",SUMIF($F$3:$F$18,J13,$G$3:$G$18)) -> -4.5 | M13: =IF(J13="","",D13) -> -22.0198 | N13: =IF(J13="","",SUMIF($F$3:$F$18,J13,$H$3:$H$18)) -> -22.4
A14: 69 | B14: =INDEX('Uncalibrated Data'!$A$2:$E$109, Calibration!A14, 2) -> Iceland | C14: =INDEX('Uncalibrated Data'!$A$2:$E$109, Calibration!A14, 4) -> -7.9144 | D14: =INDEX('Uncalibrated Data'!$A$2:$E$109, Calibration!A14, 5) -> -52.2148 | J14: =IF(A14="","",B14) -> Iceland | K14: =IF(J14="","",C14) -> -7.9144 | L14: =IF(J14="","",SUMIF($F$3:$F$18,J14,$G$3:$G$18)) -> -8 | M14: =IF(J14="","",D14) -> -52.2148 | N14: =IF(J14="","",SUMIF($F$3:$F$18,J14,$H$3:$H$18)) -> -52.8
A15: 70 | B15: =INDEX('Uncalibrated Data'!$A$2:$E$109, Calibration!A15, 2) -> Ouachita | C15: =INDEX('Uncalibrated Data'!$A$2:$E$109, Calibration!A15, 4) -> -5.4144 | D15: =INDEX('Uncalibrated Data'!$A$2:$E$109, Calibration!A15, 5) -> -29.0038 | F15: =IF('Tray Configuration'!C43="","",'Tray Configuration'!C43) | G15: =IF(F15="","",'Tray Configuration'!D43) | H15: =IF(F15="","",'Tray Configuration'!E43) | J15: =IF(A15="","",B15) -> Ouachita | K15: =IF(J15="","",C15) -> -5.4144 | L15: =IF(J15="","",SUMIF($F$3:$F$18,J15,$G$3:$G$18)) -> -5.5 | M15: =IF(J15="","",D15) -> -29.0038 | N15: =IF(J15="","",SUMIF($F$3:$F$18,J15,$H$3:$H$18)) -> -29.6
A16: 102 | B16: =INDEX('Uncalibrated Data'!$A$2:$E$109, Calibration!A16, 2) -> 0 | C16: =INDEX('Uncalibrated Data'!$A$2:$E$109, Calibration!A16, 4) -> #DIV/0! | D16: =INDEX('Uncalibrated Data'!$A$2:$E$109, Calibration!A16, 5) -> #DIV/0! | F16: =IF('Tray Configuration'!C44="","",'Tray Configuration'!C44) | G16: =IF(F16="","",'Tray Configuration'!D44) | H16: =IF(F16="","",'Tray Configuration'!E44) | J16: =IF(A16="","",B16) -> 0 | K16: =IF(J16="","",C16) -> #DIV/0! | L16: =IF(J16="","",SUMIF($F$3:$F$18,J16,$G$3:$G$18)) -> 0 | M16: =IF(J16="","",D16) -> #DIV/0! | N16: =IF(J16="","",SUMIF($F$3:$F$18,J16,$H$3:$H$18)) -> 0
A17: 103 | B17: =INDEX('Uncalibrated Data'!$A$2:$E$109, Calibration!A17, 2) -> 0 | C17: =INDEX('Uncalibrated Data'!$A$2:$E$109, Calibration!A17, 4) -> #DIV/0! | D17: =INDEX('Uncalibrated Data'!$A$2:$E$109, Calibration!A17, 5) -> #DIV/0! | F17: =IF('Tray Configuration'!C45="","",'Tray Configuration'!C45) | G17: =IF(F17="","",'Tray Configuration'!D45) | H17: =IF(F17="","",'Tray Configuration'!E45) | J17: =IF(A17="","",B17) -> 0 | K17: =IF(J17="","",C17) -> #DIV/0! | L17: =IF(J17="","",SUMIF($F$3:$F$18,J17,$G$3:$G$18)) -> 0 | M17: =IF(J17="","",D17) -> #DIV/0! | N17: =IF(J17="","",SUMIF($F$3:$F$18,J17,$H$3:$H$18)) -> 0
A18: 104 | B18: =INDEX('Uncalibrated Data'!$A$2:$E$109, Calibration!A18, 2) -> 0 | C18: =INDEX('Uncalibrated Data'!$A$2:$E$109, Calibration!A18, 4) -> #DIV/0! | D18: =INDEX('Uncalibrated Data'!$A$2:$E$109, Calibration!A18, 5) -> #DIV/0! | F18: =IF('Tray Configuration'!C46="","",'Tray Configuration'!C46) | J18: =IF(A18="","",B18) -> 0 | K18: =IF(J18="","",C18) -> #DIV/0! | L18: =IF(J18="","",SUMIF($F$3:$F$18,J18,$G$3:$G$18)) -> 0 | M18: =IF(J18="","",D18) -> #DIV/0! | N18: =IF(J18="","",SUMIF($F$3:$F$18,J18,$H$3:$H$18)) -> 0
A19: 105 | B19: =INDEX('Uncalibrated Data'!$A$2:$E$109, Calibration!A19, 2) -> 0 | C19: =INDEX('Uncalibrated Data'!$A$2:$E$109, Calibration!A19, 4) -> #DIV/0! | D19: =INDEX('Uncalibrated Data'!$A$2:$E$109, Calibration!A19, 5) -> #DIV/0! | J19: =IF(A19="","",B19) -> 0 | K19: =IF(J19="","",C19) -> #DIV/0! | L19: =IF(J19="","",SUMIF($F$3:$F$18,J19,$G$3:$G$18)) -> 0 | M19: =IF(J19="","",D19) -> #DIV/0! | N19: =IF(J19="","",SUMIF($F$3:$F$18,J19,$H$3:$H$18)) -> 0
A22: Calibration Results
A23: CALIBRATION 1
B24: d(18_16) | C24: dD
A25: Slope | B25: =IF(A3="",1,SLOPE(L3:L7,K3:K7)) -> 1.0168445 | C25: =IF(A3="",0,SLOPE(N3:N7,M3:M7)) -> 1.0077768
A26: Intercept | B26: =IF(A3="",1,INTERCEPT(L3:L7,K3:K7)) -> 0.092702407 | C26: =IF(A3="",0,INTERCEPT(N3:N7,M3:M7)) -> 0.30914361
A27: R^2 | B27: =RSQ(L3:L7,K3:K7) -> 0.99974418 | C27: =RSQ(N3:N7,M3:M7) -> 0.99981491
A28: CALIBRATION 2
B29: d(18_16) | C29: dD
A30: Slope | B30: =IF(A8="",1,SLOPE(L8:L11,K8:K11)) -> 1.0136273 | C30: =IF(A8="",0,SLOPE(N8:N11,M8:M11)) -> 1.0075611
A31: Intercept | B31: =IF(A8="",1,INTERCEPT(L8:L11,K8:K11)) -> 0.072305893 | C31: =IF(A8="",0,INTERCEPT(N8:N11,M8:M11)) -> -0.02584803
A32: R^2 | B32: =RSQ(L8:L11,K8:K11) -> 0.99973962 | C32: =RSQ(N8:N11,M8:M11) -> 0.9999388
A33: CALIBRATION 3
B34: d(18_16) | C34: dD
A35: Slope | B35: =IF(A13="",1,SLOPE(L12:L15,K12:K15)) -> 1.0122709 | C35: =IF(A13="",0,SLOPE(N12:N15,M12:M15)) -> 1.0030752
A36: Intercept | B36: =IF(A13="",1,INTERCEPT(L12:L15,K12:K15)) -> -0.0026140035 | C36: =IF(A13="",0,INTERCEPT(N12:N15,M12:M15)) -> -0.4714866
A37: R^2 | B37: =RSQ(L12:L15,K12:K15) -> 0.99951062 | C37: =RSQ(N12:N15,M12:M15) -> 0.99989022

Sheet QAQC + Calibrated Data
A1: ='[1]Uncalibrated Data'!B1 -> Sample ID | B1: ='[1]Uncalibrated Data'!D1 -> d(18_16) | C1: ='[1]Uncalibrated Data'!E1 -> d(D_H) | F1: QC | I1: PASS? | L1: d18_16 | O1: dD | U1: LMWL (Waco, TX)
A2: ='Uncalibrated Data'!B2 -> Ouachita | B2: =IF('Uncalibrated Data'!D2="","",Calibration!$B$25*'Uncalibrated Data'!D2+Calibration!$B$26) -> -5.5099076 | C2: =IF('Uncalibrated Data'!E2="","",Calibration!$C$25*'Uncalibrated Data'!E2+Calibration!$C$26) -> -29.764327 | F2: Sample ID | G2: d(18_16) | H2: d(D_H) | I2: YES/NO | L2: 0.1 | M2: Actual | N2: -0.1 | O2: 0.1 | P2: Actual | Q2: -0.1 | U2: d(18_16) | V2: d(D_H)
A3: ='Uncalibrated Data'!B3 -> Sipsey | B3: =IF('Uncalibrated Data'!D3="","",Calibration!$B$25*'Uncalibrated Data'!D3+Calibration!$B$26) -> -4.5317031 | C3: =IF('Uncalibrated Data'!E3="","",Calibration!$C$25*'Uncalibrated Data'!E3+Calibration!$C$26) -> -22.52345 | F3: =A6 -> Ouachita | G3: =B6 -> -5.478182 | H3: =C6 -> -29.332393 | I3: =IF(AND($L$3 <=G3, G3<= $N$3, $O$3<=H3, H3<=$Q$3),"YES","NO") -> YES | K3: Sipsey | L3: =M3*1.1 -> -6.05 | M3: ='Tray Configuration'!D35 -> -5.5 | N3: =M3*0.9 -> -4.95 | O3: =P3*1.1 -> -32.56 | P3: ='Tray Configuration'!E35 -> -29.6 | Q3: =P3*0.9 -> -26.64 | U3: -10 | V3: =7.11*U3+9.52 -> -61.58
A4: ='Uncalibrated Data'!B4 -> Iceland | B4: =IF('Uncalibrated Data'!D4="","",Calibration!$B$25*'Uncalibrated Data'!D4+Calibration!$B$26) -> -8.0028036 | C4: =IF('Uncalibrated Data'!E4="","",Calibration!$C$25*'Uncalibrated Data'!E4+Calibration!$C$26) -> -52.820647 | F4: =A15 -> Ouachita | G4: =B15 -> -5.3647022 | H4: =C15 -> -29.296987 | I4: =IF(AND($L$3 <=G4, G4<= $N$3, $O$3<=H4, H4<=$Q$3),"YES","NO") -> YES | U4: 1 | V4: =7.11*U4+9.52 -> 16.63
A5: ='Uncalibrated Data'!B5 -> Sipsey | B5: =IF('Uncalibrated Data'!D5="","",Calibration!$B$25*'Uncalibrated Data'!D5+Calibration!$B$26) -> -4.4774036 | C5: =IF('Uncalibrated Data'!E5="","",Calibration!$C$25*'Uncalibrated Data'!E5+Calibration!$C$26) -> -22.359183 | F5: =A22 -> Ouachita | G5: =B22 -> -5.5067215 | H5: =C22 -> -29.370555 | I5: =IF(AND($L$3 <=G5, G5<= $N$3, $O$3<=H5, H5<=$Q$3),"YES","NO") -> YES
A6: ='Uncalibrated Data'!B6 -> Ouachita | B6: =IF('Uncalibrated Data'!D6="","",Calibration!$B$25*'Uncalibrated Data'!D6+Calibration!$B$26) -> -5.478182 | C6: =IF('Uncalibrated Data'!E6="","",Calibration!$C$25*'Uncalibrated Data'!E6+Calibration!$C$26) -> -29.332393 | F6: =A29 -> Ouachita | G6: =B29 -> -5.5084162 | H6: =C29 -> -29.297995 | I6: =IF(AND($L$3 <=G6, G6<= $N$3, $O$3<=H6, H6<=$Q$3),"YES","NO") -> YES | K6: Checking Reps: April Run | L6: d(18_16) | M6: d(D) | N6: January Run | O6: d(18_16) | P6: d(D)
A7: ='Uncalibrated Data'!B7 -> WAIS_01M01_2_RAW_20210809 | B7: =IF('Uncalibrated Data'!D7="","",Calibration!$B$25*'Uncalibrated Data'!D7+Calibration!$B$26) -> 0.19065843 | C7: =IF('Uncalibrated Data'!E7="","",Calibration!$C$25*'Uncalibrated Data'!E7+Calibration!$C$26) -> 2.6710365 | F7: =A36 -> Ouachita | G7: =B36 -> -5.4993324 | H7: =C36 -> -29.250562 | I7: =IF(AND($L$3 <=G7, G7<= $N$3, $O$3<=H7, H7<=$Q$3),"YES","NO") -> YES | K7: WAIS_01M01_2_RAW_20210809 | L7: 0.2 | M7: 2.7 | N7: WAIS_01M01_1_RAW_20210809 | O7: 0.16325817 | P7: 2.0478193
A8: ='Uncalibrated Data'!B8 -> WAIS_02M06_2_RAW_20210809 | B8: =IF('Uncalibrated Data'!D8="","",Calibration!$B$25*'Uncalibrated Data'!D8+Calibration!$B$26) -> -1.4308696 | C8: =IF('Uncalibrated Data'!E8="","",Calibration!$C$25*'Uncalibrated Data'!E8+Calibration!$C$26) -> -11.736476 | F8: =A43 -> Ouachita | G8: =B43 -> -5.450949 | H8: =C43 -> -29.376438 | I8: =IF(AND($L$3 <=G8, G8<= $N$3, $O$3<=H8, H8<=$Q$3),"YES","NO") -> YES | K8: WAIS_02M06_2_RAW_20210809 | L8: -1.4 | M8: -11.7 | N8: WAIS_02M06_1_RAW_20210809 | O8: -1.5381645 | P8: -12.639995
A9: ='Uncalibrated Data'!B9 -> WAIS_02M07_2_RAW_20210809 | B9: =IF('Uncalibrated Data'!D9="","",Calibration!$B$25*'Uncalibrated Data'!D9+Calibration!$B$26) -> -1.8597521 | C9: =IF('Uncalibrated Data'!E9="","",Calibration!$C$25*'Uncalibrated Data'!E9+Calibration!$C$26) -> -17.596362 | F9: =A50 -> Ouachita | G9: =B50 -> -5.4465567 | H9: =C50 -> -29.185673 | I9: =IF(AND($L$3 <=G9, G9<= $N$3, $O$3<=H9, H9<=$Q$3),"YES","NO") -> YES | K9: WAIS_02M07_2_RAW_20210809 | L9: -1.9 | M9: -17.6 | N9: WAIS_02M07_1_RAW_20210809 | O9: -2.4522861 | P9: -18.379132
A10: ='Uncalibrated Data'!B10 -> WAIS_SFM01_1_RAW_20211214 | B10: =IF('Uncalibrated Data'!D10="","",Calibration!$B$25*'Uncalibrated Data'!D10+Calibration!$B$26) -> -5.6616208 | C10: =IF('Uncalibrated Data'!E10="","",Calibration!$C$25*'Uncalibrated Data'!E10+Calibration!$C$26) -> -35.29561 | F10: =A57 -> Ouachita | G10: =B57 -> -5.2809975 | H10: =C57 -> -28.948897 | I10: =IF(AND($L$3 <=G10, G10<= $N$3, $O$3<=H10, H10<=$Q$3),"YES","NO") -> YES
A11: ='Uncalibrated Data'!B11 -> WAIS_N01B_1_RAW_20210903 | B11: =IF('Uncalibrated Data'!D11="","",Calibration!$B$25*'Uncalibrated Data'!D11+Calibration!$B$26) -> -5.3880896 | C11: =IF('Uncalibrated Data'!E11="","",Calibration!$C$25*'Uncalibrated Data'!E11+Calibration!$C$26) -> -29.153211 | F11: =A64 -> Ouachita | G11: =B64 -> -5.4323659 | H11: =C64 -> -29.183658 | I11: =IF(AND($L$3 <=G11, G11<= $N$3, $O$3<=H11, H11<=$Q$3),"YES","NO") -> YES
A12: ='Uncalibrated Data'!B12 -> WAIS_N4DWSeep1_RAW_20220211 | B12: =IF('Uncalibrated Data'!D12="","",Calibration!$B$25*'Uncalibrated Data'!D12+Calibration!$B$26) -> -6.1605525 | C12: =IF('Uncalibrated Data'!E12="","",Calibration!$C$25*'Uncalibrated Data'!E12+Calibration!$C$26) -> -38.873218 | F12: =A71 -> Ouachita | G12: =B71 -> -5.4158775 | H12: =C71 -> -29.248948 | I12: =IF(AND($L$3 <=G12, G12<= $N$3, $O$3<=H12, H12<=$Q$3),"YES","NO") -> YES
A13: ='Uncalibrated Data'!B13 -> WAIS_N4DWSeep2_RAW_20220211 | B13: =IF('Uncalibrated Data'!D13="","",Calibration!$B$25*'Uncalibrated Data'!D13+Calibration!$B$26) -> -6.2107168 | C13: =IF('Uncalibrated Data'!E13="","",Calibration!$C$25*'Uncalibrated Data'!E13+Calibration!$C$26) -> -39.239377 | F13: =A78 -> Ouachita | G13: =B78 -> -5.453018 | H13: =C78 -> -29.489448 | I13: =IF(AND($L$3 <=G13, G13<= $N$3, $O$3<=H13, H13<=$Q$3),"YES","NO") -> YES
A14: ='Uncalibrated Data'!B14 -> WAIS_N4DSeep4_RAW_20220211 | B14: =IF('Uncalibrated Data'!D14="","",Calibration!$B$25*'Uncalibrated Data'!D14+Calibration!$B$26) -> -6.0541228 | C14: =IF('Uncalibrated Data'!E14="","",Calibration!$C$25*'Uncalibrated Data'!E14+Calibration!$C$26) -> -38.391165 | F14: =A85 -> Ouachita | G14: =B85 -> -5.5097052 | H14: =C85 -> -29.715474 | I14: =IF(AND($L$3 <=G14, G14<= $N$3, $O$3<=H14, H14<=$Q$3),"YES","NO") -> YES
A15: ='Uncalibrated Data'!B15 -> Ouachita | B15: =IF('Uncalibrated Data'!D15="","",Calibration!$B$25*'Uncalibrated Data'!D15+Calibration!$B$26) -> -5.3647022 | C15: =IF('Uncalibrated Data'!E15="","",Calibration!$C$25*'Uncalibrated Data'!E15+Calibration!$C$26) -> -29.296987
A16: ='Uncalibrated Data'!B16 -> WAIS_N2BSeepB_RAW_20220211 | B16: =IF('Uncalibrated Data'!D16="","",Calibration!$B$25*'Uncalibrated Data'!D16+Calibration!$B$26) -> -6.078527 | C16: =IF('Uncalibrated Data'!E16="","",Calibration!$C$25*'Uncalibrated Data'!E16+Calibration!$C$26) -> -38.307183
A17: ='Uncalibrated Data'!B17 -> WAIS_33Eis_1_Filt_20220113 | B17: =IF('Uncalibrated Data'!D17="","",Calibration!$B$25*'Uncalibrated Data'!D17+Calibration!$B$26) -> -5.7307662 | C17: =IF('Uncalibrated Data'!E17="","",Calibration!$C$25*'Uncalibrated Data'!E17+Calibration!$C$26) -> -36.788799
A18: ='Uncalibrated Data'!B18 -> WAIS_ENM01_1_RAW_20211123 | B18: =IF('Uncalibrated Data'!D18="","",Calibration!$B$25*'Uncalibrated Data'!D18+Calibration!$B$26) -> -4.8867852 | C18: =IF('Uncalibrated Data'!E18="","",Calibration!$C$25*'Uncalibrated Data'!E18+Calibration!$C$26) -> -29.946331
A19: ='Uncalibrated Data'!B19 -> WAIS_ENM03_1_RAW_20210827 | B19: =IF('Uncalibrated Data'!D19="","",Calibration!$B$25*'Uncalibrated Data'!D19+Calibration!$B$26) -> -3.8604502 | C19: =IF('Uncalibrated Data'!E19="","",Calibration!$C$25*'Uncalibrated Data'!E19+Calibration!$C$26) -> -23.741785
A20: ='Uncalibrated Data'!B20 -> 4_6_MOR_DUP_N4D_20220113 | B20: =IF('Uncalibrated Data'!D20="","",Calibration!$B$25*'Uncalibrated Data'!D20+Calibration!$B$26) -> -5.8727855 | C20: =IF('Uncalibrated Data'!E20="","",Calibration!$C$25*'Uncalibrated Data'!E20+Calibration!$C$26) -> -36.742442
A21: ='Uncalibrated Data'!B21 -> 4_6_Eis2_DUP_20220113 | B21: =IF('Uncalibrated Data'!D21="","",Calibration!$B$25*'Uncalibrated Data'!D21+Calibration!$B$26) -> -5.9314235 | C21: =IF('Uncalibrated Data'!E21="","",Calibration!$C$25*'Uncalibrated Data'!E21+Calibration!$C$26) -> -37.51104
A22: ='Uncalibrated Data'!B22 -> Ouachita | B22: =IF('Uncalibrated Data'!D22="","",Calibration!$B$25*'Uncalibrated Data'!D22+Calibration!$B$26) -> -5.5067215 | C22: =IF('Uncalibrated Data'!E22="","",Calibration!$C$25*'Uncalibrated Data'!E22+Calibration!$C$26) -> -29.370555
A23: ='Uncalibrated Data'!B23 -> 3_5_MOR_N4D_DUP_20220113 | B23: =IF('Uncalibrated Data'!D23="","",Calibration!$B$25*'Uncalibrated Data'!D23+Calibration!$B$26) -> -5.8768529 | C23: =IF('Uncalibrated Data'!E23="","",Calibration!$C$25*'Uncalibrated Data'!E23+Calibration!$C$26) -> -36.828103
A24: ='Uncalibrated Data'!B24 -> WAIS_ENM03_1_RAW_20210811 | B24: =IF('Uncalibrated Data'!D24="","",Calibration!$B$25*'Uncalibrated Data'!D24+Calibration!$B$26) -> -4.0207727 | C24: =IF('Uncalibrated Data'!E24="","",Calibration!$C$25*'Uncalibrated Data'!E24+Calibration!$C$26) -> -24.882925
A25: ='Uncalibrated Data'!B25 -> WAIS_ENM01_1_RAW_20210916 | B25: =IF('Uncalibrated Data'!D25="","",Calibration!$B$25*'Uncalibrated Data'!D25+Calibration!$B$26) -> -4.6966353 | C25: =IF('Uncalibrated Data'!E25="","",Calibration!$C$25*'Uncalibrated Data'!E25+Calibration!$C$26) -> -28.717851
A26: ='Uncalibrated Data'!B26 -> WAIS_ENM03_1_RAW_20211015 | B26: =IF('Uncalibrated Data'!D26="","",Calibration!$B$25*'Uncalibrated Data'!D26+Calibration!$B$26) -> -5.6748398 | C26: =IF('Uncalibrated Data'!E26="","",Calibration!$C$25*'Uncalibrated Data'!E26+Calibration!$C$26) -> -29.349055
... A36: ='Uncalibrated Data'!B36 -> Ouachita | B36: =IF('Uncalibrated Data'!D36="","",Calibration!$B$25*'Uncalibrated Data'!D36+Calibration!$B$26) -> -5.4993324 | C36: =IF('Uncalibrated Data'!E36="","",Calibration!$C$25*'Uncalibrated Data'!E36+Calibration!$C$26) -> -29.250562
A37: ='Uncalibrated Data'!B37 -> TLM01 20220131 | B37: =IF('Uncalibrated Data'!D37="","",Calibration!$B$30*'Uncalibrated Data'!D37+Calibration!$B$31) -> -4.7599931 | C37: =IF('Uncalibrated Data'!E37="","",Calibration!$C$30*'Uncalibrated Data'!E37+Calibration!$C$31) -> -24.38095
A38: ='Uncalibrated Data'!B38 -> TLP01 20220124 | B38: =IF('Uncalibrated Data'!D38="","",Calibration!$B$30*'Uncalibrated Data'!D38+Calibration!$B$31) -> -4.757628 | C38: =IF('Uncalibrated Data'!E38="","",Calibration!$C$30*'Uncalibrated Data'!E38+Calibration!$C$31) -> -24.310085
A39: ='Uncalibrated Data'!B39 -> TLM01 20220124 | B39: =IF('Uncalibrated Data'!D39="","",Calibration!$B$30*'Uncalibrated Data'!D39+Calibration!$B$31) -> -4.711339 | C39: =IF('Uncalibrated Data'!E39="","",Calibration!$C$30*'Uncalibrated Data'!E39+Calibration!$C$31) -> -23.915793
A40: ='Uncalibrated Data'!B40 -> TLC01 20220124 | B40: =IF('Uncalibrated Data'!D40="","",Calibration!$B$30*'Uncalibrated Data'!D40+Calibration!$B$31) -> -4.7339767 | C40: =IF('Uncalibrated Data'!E40="","",Calibration!$C$30*'Uncalibrated Data'!E40+Calibration!$C$31) -> -24.127717
A41: ='Uncalibrated Data'!B41 -> TLM10 20220124 | B41: =IF('Uncalibrated Data'!D41="","",Calibration!$B$30*'Uncalibrated Data'!D41+Calibration!$B$31) -> -4.697824 | C41: =IF('Uncalibrated Data'!E41="","",Calibration!$C$30*'Uncalibrated Data'!E41+Calibration!$C$31) -> -23.752232
A42: ='Uncalibrated Data'!B42 -> TLM06 20220124 | B42: =IF('Uncalibrated Data'!D42="","",Calibration!$B$30*'Uncalibrated Data'!D42+Calibration!$B$31) -> -4.689715 | C42: =IF('Uncalibrated Data'!E42="","",Calibration!$C$30*'Uncalibrated Data'!E42+Calibration!$C$31) -> -23.822426
A43: ='Uncalibrated Data'!B43 -> Ouachita | B43: =IF('Uncalibrated Data'!D43="","",Calibration!$B$30*'Uncalibrated Data'!D43+Calibration!$B$31) -> -5.450949 | C43: =IF('Uncalibrated Data'!E43="","",Calibration!$C$30*'Uncalibrated Data'!E43+Calibration!$C$31) -> -29.376438
A44: ='Uncalibrated Data'!B44 -> TLA01 20220124 | B44: =IF('Uncalibrated Data'!D44="","",Calibration!$B$30*'Uncalibrated Data'!D44+Calibration!$B$31) -> -4.8127017 | C44: =IF('Uncalibrated Data'!E44="","",Calibration!$C$30*'Uncalibrated Data'!E44+Calibration!$C$31) -> -24.532756
A45: ='Uncalibrated Data'!B45 -> TLM16 20220124 | B45: =IF('Uncalibrated Data'!D45="","",Calibration!$B$30*'Uncalibrated Data'!D45+Calibration!$B$31) -> -4.7093118 | C45: =IF('Uncalibrated Data'!E45="","",Calibration!$C$30*'Uncalibrated Data'!E45+Calibration!$C$31) -> -23.61957
A46: ='Uncalibrated Data'!B46 -> TLM19 20220124 | B46: =IF('Uncalibrated Data'!D46="","",Calibration!$B$30*'Uncalibrated Data'!D46+Calibration!$B$31) -> -4.6441017 | C46: =IF('Uncalibrated Data'!E46="","",Calibration!$C$30*'Uncalibrated Data'!E46+Calibration!$C$31) -> -23.169862
A47: ='Uncalibrated Data'!B47 -> TLM01 20220330 | B47: =IF('Uncalibrated Data'!D47="","",Calibration!$B$30*'Uncalibrated Data'!D47+Calibration!$B$31) -> -4.6055839 | C47: =IF('Uncalibrated Data'!E47="","",Calibration!$C$30*'Uncalibrated Data'!E47+Calibration!$C$31) -> -22.922002
A48: ='Uncalibrated Data'!B48 -> TLC01 20220330 | B48: =IF('Uncalibrated Data'!D48="","",Calibration!$B$30*'Uncalibrated Data'!D48+Calibration!$B$31) -> -4.6474805 | C48: =IF('Uncalibrated Data'!E48="","",Calibration!$C$30*'Uncalibrated Data'!E48+Calibration!$C$31) -> -23.405295
... A71: ='Uncalibrated Data'!B71 -> Ouachita | B71: =IF('Uncalibrated Data'!D71="","",Calibration!$B$30*'Uncalibrated Data'!D71+Calibration!$B$31) -> -5.4158775 | C71: =IF('Uncalibrated Data'!E71="","",Calibration!$C$30*'Uncalibrated Data'!E71+Calibration!$C$31) -> -29.248948
A72: ='Uncalibrated Data'!B72 -> WHM10 20220322 | B72: =IF('Uncalibrated Data'!D72="","",Calibration!$B$35*'Uncalibrated Data'!D72+Calibration!$B$36) -> -3.8300103 | C72: =IF('Uncalibrated Data'!E72="","",Calibration!$C$35*'Uncalibrated Data'!E72+Calibration!$C$36) -> -17.925329
A73: ='Uncalibrated Data'!B73 -> WHM12 20220322 | B73: =IF('Uncalibrated Data'!D73="","",Calibration!$B$35*'Uncalibrated Data'!D73+Calibration!$B$36) -> -3.9008693 | C73: =IF('Uncalibrated Data'!E73="","",Calibration!$C$35*'Uncalibrated Data'!E73+Calibration!$C$36) -> -17.995544
A74: ='Uncalibrated Data'!B74 -> PRM01 20211013 | B74: =IF('Uncalibrated Data'!D74="","",Calibration!$B$35*'Uncalibrated Data'!D74+Calibration!$B$36) -> -5.7027115 | C74: =IF('Uncalibrated Data'!E74="","",Calibration!$C$35*'Uncalibrated Data'!E74+Calibration!$C$36) -> -30.833234
A75: ='Uncalibrated Data'!B75 -> PRM01 20211103 | B75: =IF('Uncalibrated Data'!D75="","",Calibration!$B$35*'Uncalibrated Data'!D75+Calibration!$B$36) -> -5.5461469 | C75: =IF('Uncalibrated Data'!E75="","",Calibration!$C$35*'Uncalibrated Data'!E75+Calibration!$C$36) -> -30.116704
A76: ='Uncalibrated Data'!B76 -> PRM01 20211122 | B76: =IF('Uncalibrated Data'!D76="","",Calibration!$B$35*'Uncalibrated Data'!D76+Calibration!$B$36) -> -5.3517909 | C76: =IF('Uncalibrated Data'!E76="","",Calibration!$C$35*'Uncalibrated Data'!E76+Calibration!$C$36) -> -27.334174
A77: ='Uncalibrated Data'!B77 -> PRM01 20211215 | B77: =IF('Uncalibrated Data'!D77="","",Calibration!$B$35*'Uncalibrated Data'!D77+Calibration!$B$36) -> -5.5680795 | C77: =IF('Uncalibrated Data'!E77="","",Calibration!$C$35*'Uncalibrated Data'!E77+Calibration!$C$36) -> -29.879644
A78: ='Uncalibrated Data'!B78 -> Ouachita | B78: =IF('Uncalibrated Data'!D78="","",Calibration!$B$35*'Uncalibrated Data'!D78+Calibration!$B$36) -> -5.453018 | C78: =IF('Uncalibrated Data'!E78="","",Calibration!$C$35*'Uncalibrated Data'!E78+Calibration!$C$36) -> -29.489448
A79: ='Uncalibrated Data'!B79 -> PRM01 20220112 | B79: =IF('Uncalibrated Data'!D79="","",Calibration!$B$35*'Uncalibrated Data'!D79+Calibration!$B$36) -> -5.3909321 | C79: =IF('Uncalibrated Data'!E79="","",Calibration!$C$35*'Uncalibrated Data'!E79+Calibration!$C$36) -> -28.107545
A80: ='Uncalibrated Data'!B80 -> PRM01 20220314 | B80: =IF('Uncalibrated Data'!D80="","",Calibration!$B$35*'Uncalibrated Data'!D80+Calibration!$B$36) -> -5.3028645 | C80: =IF('Uncalibrated Data'!E80="","",Calibration!$C$35*'Uncalibrated Data'!E80+Calibration!$C$36) -> -27.815984
A81: ='Uncalibrated Data'!B81 -> PRM06 20220314 | B81: =IF('Uncalibrated Data'!D81="","",Calibration!$B$35*'Uncalibrated Data'!D81+Calibration!$B$36) -> -5.3187234 | C81: =IF('Uncalibrated Data'!E81="","",Calibration!$C$35*'Uncalibrated Data'!E81+Calibration!$C$36) -> -28.049701
A82: ='Uncalibrated Data'!B82 -> PRB01 20220314 | B82: =IF('Uncalibrated Data'!D82="","",Calibration!$B$35*'Uncalibrated Data'!D82+Calibration!$B$36) -> -5.1712693 | C82: =IF('Uncalibrated Data'!E82="","",Calibration!$C$35*'Uncalibrated Data'!E82+Calibration!$C$36) -> -27.179032
A83: ='Uncalibrated Data'!B83 -> PRM11 20220314 | B83: =IF('Uncalibrated Data'!D83="","",Calibration!$B$35*'Uncalibrated Data'!D83+Calibration!$B$36) -> -5.4290609 | C83: =IF('Uncalibrated Data'!E83="","",Calibration!$C$35*'Uncalibrated Data'!E83+Calibration!$C$36) -> -28.471996
... A106: ='Uncalibrated Data'!B106 -> 0 | B106: =IF('Uncalibrated Data'!D106="","",Calibration!$B$35*'Uncalibrated Data'!D106+Calibration!$B$36) -> #DIV/0! | C106: =IF('Uncalibrated Data'!E106="","",Calibration!$C$35*'Uncalibrated Data'!E106+Calibration!$C$36) -> #DIV/0!
C110: =IF('Uncalibrated Data'!E110="","",Calibration!$C$24*'Uncalibrated Data'!E110+Calibration!$C$25)
C111: =IF('Uncalibrated Data'!E111="","",Calibration!$C$24*'Uncalibrated Data'!E111+Calibration!$C$25)
C112: =IF('Uncalibrated Data'!E112="","",Calibration!$C$24*'Uncalibrated Data'!E112+Calibration!$C$25)
C113: =IF('Uncalibrated Data'!E113="","",Calibration!$C$24*'Uncalibrated Data'!E113+Calibration!$C$25)
C114: =IF('Uncalibrated Data'!E114="","",Calibration!$C$24*'Uncalibrated Data'!E114+Calibration!$C$25)
C115: =IF('Uncalibrated Data'!E115="","",Calibration!$C$24*'Uncalibrated Data'!E115+Calibration!$C$25)
C116: =IF('Uncalibrated Data'!E116="","",Calibration!$C$24*'Uncalibrated Data'!E116+Calibration!$C$25)
C117: =IF('Uncalibrated Data'!E117="","",Calibration!$C$24*'Uncalibrated Data'!E117+Calibration!$C$25)
C118: =IF('Uncalibrated Data'!E118="","",Calibration!$C$24*'Uncalibrated Data'!E118+Calibration!$C$25)
C119: =IF('Uncalibrated Data'!E119="","",Calibration!$C$24*'Uncalibrated Data'!E119+Calibration!$C$25)
C120: =IF('Uncalibrated Data'!E120="","",Calibration!$C$24*'Uncalibrated Data'!E120+Calibration!$C$25)
C121: =IF('Uncalibrated Data'!E121="","",Calibration!$C$24*'Uncalibrated Data'!E121+Calibration!$C$25)
... C237: =IF('Uncalibrated Data'!E237="","",Calibration!$C$24*'Uncalibrated Data'!E237+Calibration!$C$25)

Sheet Data Export
A1: Sample ID | B1: d(18_16) | C1: d(D_H)
A2: WAIS_01M01_2_RAW_20210809 | B2: 0.19065843 | C2: 2.6710365
A3: WAIS_02M06_2_RAW_20210809 | B3: -1.4308696 | C3: -11.736476
A4: WAIS_02M07_2_RAW_20210809 | B4: -1.8597521 | C4: -17.596362
A5: WAIS_SFM01_1_RAW_20211214 | B5: -5.6616208 | C5: -35.29561
A6: WAIS_N01B_1_RAW_20210903 | B6: -5.3880896 | C6: -29.153211
A7: WAIS_N4DWSeep1_RAW_20220211 | B7: -6.1605525 | C7: -38.873218
A8: WAIS_N4DWSeep2_RAW_20220211 | B8: -6.2107168 | C8: -39.239377
A9: WAIS_N4DSeep4_RAW_20220211 | B9: -6.0541228 | C9: -38.391165
A10: WAIS_N2BSeepB_RAW_20220211 | B10: -6.078527 | C10: -38.307183
A11: WAIS_33Eis_1_Filt_20220113 | B11: -5.7307662 | C11: -36.788799
A12: WAIS_ENM01_1_RAW_20211123 | B12: -4.8867852 | C12: -29.946331
A13: WAIS_ENM03_1_RAW_20210827 | B13: -3.8604502 | C13: -23.741785
... A66: WAIS_02M09_1_RAW_NODATE | B66: -5.9250737 | C66: -37.029899

Sheet Sheet1
A1: data start | B1: data end | C1: text d18 | D1: equation | E1: text dD | F1: equation | I1: text Pnumber | J1: equation
A2: 164 | B2: 166 | C2: ="average('Picarro Output'!F"&A2&":F"&B2&")" -> average('Picarro Output'!F164:F166) | D2: AVERAGE('Picarro Output'!F164:F166) | E2: ="average('Picarro Output'!G"&A2&":G"&B2&")" -> average('Picarro Output'!G164:G166) | F2: AVERAGE('Picarro Output'!G164:G166) | I2: ="'Picarro Output'!B"&B2 -> 'Picarro Output'!B166 | J2: 'Picarro Output'!B166
A3: =A2+6 -> 170 | B3: =B2+6 -> 172 | C3: ="average('Picarro Output'!F"&A3&":F"&B3&")" -> average('Picarro Output'!F170:F172) | D3: average('Picarro Output'!F170:F172) | E3: ="average('Picarro Output'!G"&A3&":G"&B3&")" -> average('Picarro Output'!G170:G172) | F3: average('Picarro Output'!G170:G172) | I3: ="'Picarro Output'!B"&B3 -> 'Picarro Output'!B172 | J3: 'Picarro Output'!B172
A4: =A3+6 -> 176 | B4: =B3+6 -> 178 | C4: ="average('Picarro Output'!F"&A4&":F"&B4&")" -> average('Picarro Output'!F176:F178) | D4: average('Picarro Output'!F176:F178) | E4: ="average('Picarro Output'!G"&A4&":G"&B4&")" -> average('Picarro Output'!G176:G178) | F4: average('Picarro Output'!G176:G178) | I4: ="'Picarro Output'!B"&B4 -> 'Picarro Output'!B178 | J4: 'Picarro Output'!B178
A5: =A4+6 -> 182 | B5: =B4+6 -> 184 | C5: ="average('Picarro Output'!F"&A5&":F"&B5&")" -> average('Picarro Output'!F182:F184) | D5: average('Picarro Output'!F182:F184) | E5: ="average('Picarro Output'!G"&A5&":G"&B5&")" -> average('Picarro Output'!G182:G184) | F5: average('Picarro Output'!G182:G184) | I5: ="'Picarro Output'!B"&B5 -> 'Picarro Output'!B184 | J5: 'Picarro Output'!B184
A6: =A5+6 -> 188 | B6: =B5+6 -> 190 | C6: ="average('Picarro Output'!F"&A6&":F"&B6&")" -> average('Picarro Output'!F188:F190) | D6: average('Picarro Output'!F188:F190) | E6: ="average('Picarro Output'!G"&A6&":G"&B6&")" -> average('Picarro Output'!G188:G190) | F6: average('Picarro Output'!G188:G190) | I6: ="'Picarro Output'!B"&B6 -> 'Picarro Output'!B190 | J6: 'Picarro Output'!B190
A7: =A6+6 -> 194 | B7: =B6+6 -> 196 | C7: ="average('Picarro Output'!F"&A7&":F"&B7&")" -> average('Picarro Output'!F194:F196) | D7: average('Picarro Output'!F194:F196) | E7: ="average('Picarro Output'!G"&A7&":G"&B7&")" -> average('Picarro Output'!G194:G196) | F7: average('Picarro Output'!G194:G196) | I7: ="'Picarro Output'!B"&B7 -> 'Picarro Output'!B196 | J7: 'Picarro Output'!B196
A8: =A7+6 -> 200 | B8: =B7+6 -> 202 | C8: ="average('Picarro Output'!F"&A8&":F"&B8&")" -> average('Picarro Output'!F200:F202) | D8: average('Picarro Output'!F200:F202) | E8: ="average('Picarro Output'!G"&A8&":G"&B8&")" -> average('Picarro Output'!G200:G202) | F8: average('Picarro Output'!G200:G202) | I8: ="'Picarro Output'!B"&B8 -> 'Picarro Output'!B202 | J8: 'Picarro Output'!B202
A9: =A8+6 -> 206 | B9: =B8+6 -> 208 | C9: ="average('Picarro Output'!F"&A9&":F"&B9&")" -> average('Picarro Output'!F206:F208) | D9: average('Picarro Output'!F206:F208) | E9: ="average('Picarro Output'!G"&A9&":G"&B9&")" -> average('Picarro Output'!G206:G208) | F9: average('Picarro Output'!G206:G208) | I9: ="'Picarro Output'!B"&B9 -> 'Picarro Output'!B208 | J9: 'Picarro Output'!B208
A10: =A9+6 -> 212 | B10: =B9+6 -> 214 | C10: ="average('Picarro Output'!F"&A10&":F"&B10&")" -> average('Picarro Output'!F212:F214) | D10: average('Picarro Output'!F212:F214) | E10: ="average('Picarro Output'!G"&A10&":G"&B10&")" -> average('Picarro Output'!G212:G214) | F10: average('Picarro Output'!G212:G214) | I10: ="'Picarro Output'!B"&B10 -> 'Picarro Output'!B214 | J10: 'Picarro Output'!B214
A11: =A10+6 -> 218 | B11: =B10+6 -> 220 | C11: ="average('Picarro Output'!F"&A11&":F"&B11&")" -> average('Picarro Output'!F218:F220) | D11: average('Picarro Output'!F218:F220) | E11: ="average('Picarro Output'!G"&A11&":G"&B11&")" -> average('Picarro Output'!G218:G220) | F11: average('Picarro Output'!G218:G220) | I11: ="'Picarro Output'!B"&B11 -> 'Picarro Output'!B220 | J11: 'Picarro Output'!B220
A12: =A11+6 -> 224 | B12: =B11+6 -> 226 | C12: ="average('Picarro Output'!F"&A12&":F"&B12&")" -> average('Picarro Output'!F224:F226) | D12: average('Picarro Output'!F224:F226) | E12: ="average('Picarro Output'!G"&A12&":G"&B12&")" -> average('Picarro Output'!G224:G226) | F12: average('Picarro Output'!G224:G226) | I12: ="'Picarro Output'!B"&B12 -> 'Picarro Output'!B226 | J12: 'Picarro Output'!B226
A13: =A12+6 -> 230 | B13: =B12+6 -> 232 | C13: ="average('Picarro Output'!F"&A13&":F"&B13&")" -> average('Picarro Output'!F230:F232) | D13: average('Picarro Output'!F230:F232) | E13: ="average('Picarro Output'!G"&A13&":G"&B13&")" -> average('Picarro Output'!G230:G232) | F13: average('Picarro Output'!G230:G232) | I13: ="'Picarro Output'!B"&B13 -> 'Picarro Output'!B232 | J13: 'Picarro Output'!B232
A15: 243 | B15: 247 | C15: ="average('Picarro Output'!F"&A15&":F"&B15&")" -> average('Picarro Output'!F243:F247) | D15: average('Picarro Output'!F243:F247) | E15: ="average('Picarro Output'!G"&A15&":G"&B15&")" -> average('Picarro Output'!G243:G247) | F15: average('Picarro Output'!G243:G247) | I15: ="'Picarro Output'!B"&B15 -> 'Picarro Output'!B247 | J15: 'Picarro Output'!B247
A16: =A15+15 -> 258 | B16: =B15+15 -> 262 | C16: ="average('Picarro Output'!F"&A16&":F"&B16&")" -> average('Picarro Output'!F258:F262) | D16: average('Picarro Output'!F258:F262) | E16: ="average('Picarro Output'!G"&A16&":G"&B16&")" -> average('Picarro Output'!G258:G262) | F16: average('Picarro Output'!G258:G262) | I16: ="'Picarro Output'!B"&B16 -> 'Picarro Output'!B262 | J16: 'Picarro Output'!B262
A17: =A16+15 -> 273 | B17: =B16+15 -> 277 | C17: ="average('Picarro Output'!F"&A17&":F"&B17&")" -> average('Picarro Output'!F273:F277) | D17: average('Picarro Output'!F273:F277) | E17: ="average('Picarro Output'!G"&A17&":G"&B17&")" -> average('Picarro Output'!G273:G277) | F17: average('Picarro Output'!G273:G277) | I17: ="'Picarro Output'!B"&B17 -> 'Picarro Output'!B277 | J17: 'Picarro Output'!B277
A18: =A17+15 -> 288 | B18: =B17+15 -> 292 | C18: ="average('Picarro Output'!F"&A18&":F"&B18&")" -> average('Picarro Output'!F288:F292) | D18: average('Picarro Output'!F288:F292) | E18: ="average('Picarro Output'!G"&A18&":G"&B18&")" -> average('Picarro Output'!G288:G292) | F18: average('Picarro Output'!G288:G292) | I18: ="'Picarro Output'!B"&B18 -> 'Picarro Output'!B292 | J18: 'Picarro Output'!B292
A20: 296 | B20: 298 | C20: ="average('Picarro Output'!F"&A20&":F"&B20&")" -> average('Picarro Output'!F296:F298) | D20: average('Picarro Output'!F296:F298) | E20: ="average('Picarro Output'!G"&A20&":G"&B20&")" -> average('Picarro Output'!G296:G298) | F20: average('Picarro Output'!G296:G298) | I20: ="'Picarro Output'!B"&B20 -> 'Picarro Output'!B298 | J20: 'Picarro Output'!B298
A21: =A20+6 -> 302 | B21: =B20+6 -> 304 | C21: ="average('Picarro Output'!F"&A21&":F"&B21&")" -> average('Picarro Output'!F302:F304) | D21: average('Picarro Output'!F302:F304) | E21: ="average('Picarro Output'!G"&A21&":G"&B21&")" -> average('Picarro Output'!G302:G304) | F21: average('Picarro Output'!G302:G304) | I21: ="'Picarro Output'!B"&B21 -> 'Picarro Output'!B304 | J21: 'Picarro Output'!B304
A22: =A21+6 -> 308 | B22: =B21+6 -> 310 | C22: ="average('Picarro Output'!F"&A22&":F"&B22&")" -> average('Picarro Output'!F308:F310) | D22: average('Picarro Output'!F308:F310) | E22: ="average('Picarro Output'!G"&A22&":G"&B22&")" -> average('Picarro Output'!G308:G310) | F22: average('Picarro Output'!G308:G310) | I22: ="'Picarro Output'!B"&B22 -> 'Picarro Output'!B310 | J22: 'Picarro Output'!B310
A23: =A22+6 -> 314 | B23: =B22+6 -> 316 | C23: ="average('Picarro Output'!F"&A23&":F"&B23&")" -> average('Picarro Output'!F314:F316) | D23: average('Picarro Output'!F314:F316) | E23: ="average('Picarro Output'!G"&A23&":G"&B23&")" -> average('Picarro Output'!G314:G316) | F23: average('Picarro Output'!G314:G316) | I23: ="'Picarro Output'!B"&B23 -> 'Picarro Output'!B316 | J23: 'Picarro Output'!B316
A24: =A23+6 -> 320 | B24: =B23+6 -> 322 | C24: ="average('Picarro Output'!F"&A24&":F"&B24&")" -> average('Picarro Output'!F320:F322) | D24: average('Picarro Output'!F320:F322) | E24: ="average('Picarro Output'!G"&A24&":G"&B24&")" -> average('Picarro Output'!G320:G322) | F24: average('Picarro Output'!G320:G322) | I24: ="'Picarro Output'!B"&B24 -> 'Picarro Output'!B322 | J24: 'Picarro Output'!B322
A25: =A24+6 -> 326 | B25: =B24+6 -> 328 | C25: ="average('Picarro Output'!F"&A25&":F"&B25&")" -> average('Picarro Output'!F326:F328) | D25: average('Picarro Output'!F326:F328) | E25: ="average('Picarro Output'!G"&A25&":G"&B25&")" -> average('Picarro Output'!G326:G328) | F25: average('Picarro Output'!G326:G328) | I25: ="'Picarro Output'!B"&B25 -> 'Picarro Output'!B328 | J25: 'Picarro Output'!B328
A26: =A25+6 -> 332 | B26: =B25+6 -> 334 | C26: ="average('Picarro Output'!F"&A26&":F"&B26&")" -> average('Picarro Output'!F332:F334) | D26: average('Picarro Output'!F332:F334) | E26: ="average('Picarro Output'!G"&A26&":G"&B26&")" -> average('Picarro Output'!G332:G334) | F26: average('Picarro Output'!G332:G334) | I26: ="'Picarro Output'!B"&B26 -> 'Picarro Output'!B334 | J26: 'Picarro Output'!B334
A27: =A26+6 -> 338 | B27: =B26+6 -> 340 | C27: ="average('Picarro Output'!F"&A27&":F"&B27&")" -> average('Picarro Output'!F338:F340) | D27: average('Picarro Output'!F338:F340) | E27: ="average('Picarro Output'!G"&A27&":G"&B27&")" -> average('Picarro Output'!G338:G340) | F27: average('Picarro Output'!G338:G340) | I27: ="'Picarro Output'!B"&B27 -> 'Picarro Output'!B340 | J27: 'Picarro Output'!B340
A28: =A27+6 -> 344 | B28: =B27+6 -> 346 | C28: ="average('Picarro Output'!F"&A28&":F"&B28&")" -> average('Picarro Output'!F344:F346) | D28: average('Picarro Output'!F344:F346) | E28: ="average('Picarro Output'!G"&A28&":G"&B28&")" -> average('Picarro Output'!G344:G346) | F28: average('Picarro Output'!G344:G346) | I28: ="'Picarro Output'!B"&B28 -> 'Picarro Output'!B346 | J28: 'Picarro Output'!B346
A29: =A28+6 -> 350 | B29: =B28+6 -> 352 | C29: ="average('Picarro Output'!F"&A29&":F"&B29&")" -> average('Picarro Output'!F350:F352) | D29: average('Picarro Output'!F350:F352) | E29: ="average('Picarro Output'!G"&A29&":G"&B29&")" -> average('Picarro Output'!G350:G352) | F29: average('Picarro Output'!G350:G352) | I29: ="'Picarro Output'!B"&B29 -> 'Picarro Output'!B352 | J29: 'Picarro Output'!B352
A30: =A29+6 -> 356 | B30: =B29+6 -> 358 | C30: ="average('Picarro Output'!F"&A30&":F"&B30&")" -> average('Picarro Output'!F356:F358) | D30: average('Picarro Output'!F356:F358) | E30: ="average('Picarro Output'!G"&A30&":G"&B30&")" -> average('Picarro Output'!G356:G358) | F30: average('Picarro Output'!G356:G358) | I30: ="'Picarro Output'!B"&B30 -> 'Picarro Output'!B358 | J30: 'Picarro Output'!B358
A31: =A30+6 -> 362 | B31: =B30+6 -> 364 | C31: ="average('Picarro Output'!F"&A31&":F"&B31&")" -> average('Picarro Output'!F362:F364) | D31: average('Picarro Output'!F362:F364) | E31: ="average('Picarro Output'!G"&A31&":G"&B31&")" -> average('Picarro Output'!G362:G364) | F31: average('Picarro Output'!G362:G364) | I31: ="'Picarro Output'!B"&B31 -> 'Picarro Output'!B364 | J31: 'Picarro Output'!B364
A32: =A31+6 -> 368 | B32: =B31+6 -> 370 | C32: ="average('Picarro Output'!F"&A32&":F"&B32&")" -> average('Picarro Output'!F368:F370) | D32: average('Picarro Output'!F368:F370) | E32: ="average('Picarro Output'!G"&A32&":G"&B32&")" -> average('Picarro Output'!G368:G370) | F32: average('Picarro Output'!G368:G370) | I32: ="'Picarro Output'!B"&B32 -> 'Picarro Output'!B370 | J32: 'Picarro Output'!B370
... A50: =A49+6 -> 476 | B50: =B49+6 -> 478 | C50: ="average('Picarro Output'!F"&A50&":F"&B50&")" -> average('Picarro Output'!F476:F478) | D50: average('Picarro Output'!F476:F478) | E50: ="average('Picarro Output'!G"&A50&":G"&B50&")" -> average('Picarro Output'!G476:G478) | F50: average('Picarro Output'!G476:G478) | I50: ="'Picarro Output'!B"&B50 -> 'Picarro Output'!B478 | J50: 'Picarro Output'!B478
A51: -
A52: 489 | B52: 493 | C52: ="average('Picarro Output'!F"&A52&":F"&B52&")" -> average('Picarro Output'!F489:F493) | D52: average('Picarro Output'!F489:F493) | E52: ="average('Picarro Output'!G"&A52&":G"&B52&")" -> average('Picarro Output'!G489:G493) | F52: average('Picarro Output'!G489:G493) | I52: ="'Picarro Output'!B"&B52 -> 'Picarro Output'!B493 | J52: 'Picarro Output'!B493
A53: =A52+15 -> 504 | B53: =B52+15 -> 508 | C53: ="average('Picarro Output'!F"&A53&":F"&B53&")" -> average('Picarro Output'!F504:F508) | D53: average('Picarro Output'!F504:F508) | E53: ="average('Picarro Output'!G"&A53&":G"&B53&")" -> average('Picarro Output'!G504:G508) | F53: average('Picarro Output'!G504:G508) | I53: ="'Picarro Output'!B"&B53 -> 'Picarro Output'!B508 | J53: 'Picarro Output'!B508
A54: =A53+15 -> 519 | B54: =B53+15 -> 523 | C54: ="average('Picarro Output'!F"&A54&":F"&B54&")" -> average('Picarro Output'!F519:F523) | D54: average('Picarro Output'!F519:F523) | E54: ="average('Picarro Output'!G"&A54&":G"&B54&")" -> average('Picarro Output'!G519:G523) | F54: average('Picarro Output'!G519:G523) | I54: ="'Picarro Output'!B"&B54 -> 'Picarro Output'!B523 | J54: 'Picarro Output'!B523
A55: =A54+15 -> 534 | B55: =B54+15 -> 538 | C55: ="average('Picarro Output'!F"&A55&":F"&B55&")" -> average('Picarro Output'!F534:F538) | D55: average('Picarro Output'!F534:F538) | E55: ="average('Picarro Output'!G"&A55&":G"&B55&")" -> average('Picarro Output'!G534:G538) | F55: average('Picarro Output'!G534:G538) | I55: ="'Picarro Output'!B"&B55 -> 'Picarro Output'!B538 | J55: 'Picarro Output'!B538
A57: 542 | B57: 544 | C57: ="average('Picarro Output'!F"&A57&":F"&B57&")" -> average('Picarro Output'!F542:F544) | D57: average('Picarro Output'!F542:F544) | E57: ="average('Picarro Output'!G"&A57&":G"&B57&")" -> average('Picarro Output'!G542:G544) | F57: average('Picarro Output'!G542:G544) | I57: ="'Picarro Output'!B"&B57 -> 'Picarro Output'!B544 | J57: 'Picarro Output'!B544
A58: =A57+6 -> 548 | B58: =B57+6 -> 550 | C58: ="average('Picarro Output'!F"&A58&":F"&B58&")" -> average('Picarro Output'!F548:F550) | D58: average('Picarro Output'!F548:F550) | E58: ="average('Picarro Output'!G"&A58&":G"&B58&")" -> average('Picarro Output'!G548:G550) | F58: average('Picarro Output'!G548:G550) | I58: ="'Picarro Output'!B"&B58 -> 'Picarro Output'!B550 | J58: 'Picarro Output'!B550
A59: =A58+6 -> 554 | B59: =B58+6 -> 556 | C59: ="average('Picarro Output'!F"&A59&":F"&B59&")" -> average('Picarro Output'!F554:F556) | D59: average('Picarro Output'!F554:F556) | E59: ="average('Picarro Output'!G"&A59&":G"&B59&")" -> average('Picarro Output'!G554:G556) | F59: average('Picarro Output'!G554:G556) | I59: ="'Picarro Output'!B"&B59 -> 'Picarro Output'!B556 | J59: 'Picarro Output'!B556
A60: =A59+6 -> 560 | B60: =B59+6 -> 562 | C60: ="average('Picarro Output'!F"&A60&":F"&B60&")" -> average('Picarro Output'!F560:F562) | D60: average('Picarro Output'!F560:F562) | E60: ="average('Picarro Output'!G"&A60&":G"&B60&")" -> average('Picarro Output'!G560:G562) | F60: average('Picarro Output'!G560:G562) | I60: ="'Picarro Output'!B"&B60 -> 'Picarro Output'!B562 | J60: 'Picarro Output'!B562
A61: =A60+6 -> 566 | B61: =B60+6 -> 568 | C61: ="average('Picarro Output'!F"&A61&":F"&B61&")" -> average('Picarro Output'!F566:F568) | D61: average('Picarro Output'!F566:F568) | E61: ="average('Picarro Output'!G"&A61&":G"&B61&")" -> average('Picarro Output'!G566:G568) | F61: average('Picarro Output'!G566:G568) | I61: ="'Picarro Output'!B"&B61 -> 'Picarro Output'!B568 | J61: 'Picarro Output'!B568
A62: =A61+6 -> 572 | B62: =B61+6 -> 574 | C62: ="average('Picarro Output'!F"&A62&":F"&B62&")" -> average('Picarro Output'!F572:F574) | D62: average('Picarro Output'!F572:F574) | E62: ="average('Picarro Output'!G"&A62&":G"&B62&")" -> average('Picarro Output'!G572:G574) | F62: average('Picarro Output'!G572:G574) | I62: ="'Picarro Output'!B"&B62 -> 'Picarro Output'!B574 | J62: 'Picarro Output'!B574
A63: =A62+6 -> 578 | B63: =B62+6 -> 580 | C63: ="average('Picarro Output'!F"&A63&":F"&B63&")" -> average('Picarro Output'!F578:F580) | D63: average('Picarro Output'!F578:F580) | E63: ="average('Picarro Output'!G"&A63&":G"&B63&")" -> average('Picarro Output'!G578:G580) | F63: average('Picarro Output'!G578:G580) | I63: ="'Picarro Output'!B"&B63 -> 'Picarro Output'!B580 | J63: 'Picarro Output'!B580
A64: =A63+6 -> 584 | B64: =B63+6 -> 586 | C64: ="average('Picarro Output'!F"&A64&":F"&B64&")" -> average('Picarro Output'!F584:F586) | D64: average('Picarro Output'!F584:F586) | E64: ="average('Picarro Output'!G"&A64&":G"&B64&")" -> average('Picarro Output'!G584:G586) | F64: average('Picarro Output'!G584:G586) | I64: ="'Picarro Output'!B"&B64 -> 'Picarro Output'!B586 | J64: 'Picarro Output'!B586
A65: =A64+6 -> 590 | B65: =B64+6 -> 592 | C65: ="average('Picarro Output'!F"&A65&":F"&B65&")" -> average('Picarro Output'!F590:F592) | D65: average('Picarro Output'!F590:F592) | E65: ="average('Picarro Output'!G"&A65&":G"&B65&")" -> average('Picarro Output'!G590:G592) | F65: average('Picarro Output'!G590:G592) | I65: ="'Picarro Output'!B"&B65 -> 'Picarro Output'!B592 | J65: 'Picarro Output'!B592
A66: =A65+6 -> 596 | B66: =B65+6 -> 598 | C66: ="average('Picarro Output'!F"&A66&":F"&B66&")" -> average('Picarro Output'!F596:F598) | D66: average('Picarro Output'!F596:F598) | E66: ="average('Picarro Output'!G"&A66&":G"&B66&")" -> average('Picarro Output'!G596:G598) | F66: average('Picarro Output'!G596:G598) | I66: ="'Picarro Output'!B"&B66 -> 'Picarro Output'!B598 | J66: 'Picarro Output'!B598
A67: =A66+6 -> 602 | B67: =B66+6 -> 604 | C67: ="average('Picarro Output'!F"&A67&":F"&B67&")" -> average('Picarro Output'!F602:F604) | D67: average('Picarro Output'!F602:F604) | E67: ="average('Picarro Output'!G"&A67&":G"&B67&")" -> average('Picarro Output'!G602:G604) | F67: average('Picarro Output'!G602:G604) | I67: ="'Picarro Output'!B"&B67 -> 'Picarro Output'!B604 | J67: 'Picarro Output'!B604
A68: =A67+6 -> 608 | B68: =B67+6 -> 610 | C68: ="average('Picarro Output'!F"&A68&":F"&B68&")" -> average('Picarro Output'!F608:F610) | D68: average('Picarro Output'!F608:F610) | E68: ="average('Picarro Output'!G"&A68&":G"&B68&")" -> average('Picarro Output'!G608:G610) | F68: average('Picarro Output'!G608:G610) | I68: ="'Picarro Output'!B"&B68 -> 'Picarro Output'!B610 | J68: 'Picarro Output'!B610
A69: =A68+6 -> 614 | B69: =B68+6 -> 616 | C69: ="average('Picarro Output'!F"&A69&":F"&B69&")" -> average('Picarro Output'!F614:F616) | D69: average('Picarro Output'!F614:F616) | E69: ="average('Picarro Output'!G"&A69&":G"&B69&")" -> average('Picarro Output'!G614:G616) | F69: average('Picarro Output'!G614:G616) | I69: ="'Picarro Output'!B"&B69 -> 'Picarro Output'!B616 | J69: 'Picarro Output'!B616
... A87: =A86+6 -> 722 | B87: =B86+6 -> 724 | C87: ="average('Picarro Output'!F"&A87&":F"&B87&")" -> average('Picarro Output'!F722:F724) | D87: average('Picarro Output'!F722:F724) | E87: ="average('Picarro Output'!G"&A87&":G"&B87&")" -> average('Picarro Output'!G722:G724) | F87: average('Picarro Output'!G722:G724) | I87: ="'Picarro Output'!B"&B87 -> 'Picarro Output'!B724 | J87: 'Picarro Output'!B724
A89: 735 | B89: 739 | C89: ="average('Picarro Output'!F"&A89&":F"&B89&")" -> average('Picarro Output'!F735:F739) | D89: average('Picarro Output'!F735:F739) | E89: ="average('Picarro Output'!G"&A89&":G"&B89&")" -> average('Picarro Output'!G735:G739) | F89: average('Picarro Output'!G735:G739) | I89: ="'Picarro Output'!B"&B89 -> 'Picarro Output'!B739 | J89: 'Picarro Output'!B739
A90: =A89+15 -> 750 | B90: =B89+15 -> 754 | C90: ="average('Picarro Output'!F"&A90&":F"&B90&")" -> average('Picarro Output'!F750:F754) | D90: average('Picarro Output'!F750:F754) | E90: ="average('Picarro Output'!G"&A90&":G"&B90&")" -> average('Picarro Output'!G750:G754) | F90: average('Picarro Output'!G750:G754) | I90: ="'Picarro Output'!B"&B90 -> 'Picarro Output'!B754 | J90: 'Picarro Output'!B754
A91: =A90+15 -> 765 | B91: =B90+15 -> 769 | C91: ="average('Picarro Output'!F"&A91&":F"&B91&")" -> average('Picarro Output'!F765:F769) | D91: average('Picarro Output'!F765:F769) | E91: ="average('Picarro Output'!G"&A91&":G"&B91&")" -> average('Picarro Output'!G765:G769) | F91: average('Picarro Output'!G765:G769) | I91: ="'Picarro Output'!B"&B91 -> 'Picarro Output'!B769 | J91: 'Picarro Output'!B769
A92: =A91+15 -> 780 | B92: =B91+15 -> 784 | C92: ="average('Picarro Output'!F"&A92&":F"&B92&")" -> average('Picarro Output'!F780:F784) | D92: average('Picarro Output'!F780:F784) | E92: ="average('Picarro Output'!G"&A92&":G"&B92&")" -> average('Picarro Output'!G780:G784) | F92: average('Picarro Output'!G780:G784) | I92: ="'Picarro Output'!B"&B92 -> 'Picarro Output'!B784 | J92: 'Picarro Output'!B784
